fecha,hora,consumo,met_obtencion,datetime
2023-05-13,1,0.274,Estimado,2023-05-13 01:00:00
2023-05-13,2,0.229,Estimado,2023-05-13 02:00:00
2023-05-13,3,0.138,Estimado,2023-05-13 03:00:00
2023-05-13,4,0.043,Estimado,2023-05-13 04:00:00
2023-05-13,5,0.042,Estimado,2023-05-13 05:00:00
2023-05-13,6,0.034,Estimado,2023-05-13 06:00:00
2023-05-13,7,0.034,Estimado,2023-05-13 07:00:00
2023-05-13,8,0.042,Estimado,2023-05-13 08:00:00
2023-05-13,9,0.041,Estimado,2023-05-13 09:00:00
2023-05-13,10,0.034,Estimado,2023-05-13 10:00:00
2023-05-13,11,0.037,Estimado,2023-05-13 11:00:00
2023-05-13,12,0.094,Estimado,2023-05-13 12:00:00
2023-05-13,13,0.2,Estimado,2023-05-13 13:00:00
2023-05-13,14,0.193,Estimado,2023-05-13 14:00:00
2023-05-13,15,0.211,Estimado,2023-05-13 15:00:00
2023-05-13,16,0.576,Estimado,2023-05-13 16:00:00
2023-05-13,17,0.381,Estimado,2023-05-13 17:00:00
2023-05-13,18,0.211,Estimado,2023-05-13 18:00:00
2023-05-13,19,0.06,Estimado,2023-05-13 19:00:00
2023-05-13,20,0.274,Estimado,2023-05-13 20:00:00
2023-05-13,21,0.565,Estimado,2023-05-13 21:00:00
2023-05-13,22,0.546,Estimado,2023-05-13 22:00:00
2023-05-13,23,0.494,Estimado,2023-05-13 23:00:00
2023-05-13,24,0.402,Estimado,2023-05-14 00:00:00
2023-05-14,1,0.282,Estimado,2023-05-14 01:00:00
2023-05-14,2,0.278,Estimado,2023-05-14 02:00:00
2023-05-14,3,0.262,Estimado,2023-05-14 03:00:00
2023-05-14,4,0.037,Estimado,2023-05-14 04:00:00
2023-05-14,5,0.047,Estimado,2023-05-14 05:00:00
2023-05-14,6,0.036,Estimado,2023-05-14 06:00:00
2023-05-14,7,0.077,Estimado,2023-05-14 07:00:00
2023-05-14,8,0.073,Estimado,2023-05-14 08:00:00
2023-05-14,9,0.032,Estimado,2023-05-14 09:00:00
2023-05-14,10,0.045,Estimado,2023-05-14 10:00:00
2023-05-14,11,0.038,Estimado,2023-05-14 11:00:00
2023-05-14,12,0.261,Estimado,2023-05-14 12:00:00
2023-05-14,13,0.208,Estimado,2023-05-14 13:00:00
2023-05-14,14,0.2,Estimado,2023-05-14 14:00:00
2023-05-14,15,0.208,Estimado,2023-05-14 15:00:00
2023-05-14,16,0.209,Estimado,2023-05-14 16:00:00
2023-05-14,17,0.855,Estimado,2023-05-14 17:00:00
2023-05-14,18,0.217,Estimado,2023-05-14 18:00:00
2023-05-14,19,0.226,Estimado,2023-05-14 19:00:00
2023-05-14,20,0.202,Estimado,2023-05-14 20:00:00
2023-05-14,21,0.206,Estimado,2023-05-14 21:00:00
2023-05-14,22,0.213,Estimado,2023-05-14 22:00:00
2023-05-14,23,0.226,Estimado,2023-05-14 23:00:00
2023-05-14,24,0.217,Estimado,2023-05-15 00:00:00
2023-05-15,1,0.25,Estimado,2023-05-15 01:00:00
2023-05-15,2,0.511,Estimado,2023-05-15 02:00:00
2023-05-15,3,0.054,Estimado,2023-05-15 03:00:00
2023-05-15,4,0.043,Estimado,2023-05-15 04:00:00
2023-05-15,5,0.04,Estimado,2023-05-15 05:00:00
2023-05-15,6,0.038,Estimado,2023-05-15 06:00:00
2023-05-15,7,0.039,Estimado,2023-05-15 07:00:00
2023-05-15,8,0.038,Estimado,2023-05-15 08:00:00
2023-05-15,9,0.039,Estimado,2023-05-15 09:00:00
2023-05-15,10,0.107,Estimado,2023-05-15 10:00:00
2023-05-15,11,0.289,Estimado,2023-05-15 11:00:00
2023-05-15,12,0.246,Estimado,2023-05-15 12:00:00
2023-05-15,13,0.252,Estimado,2023-05-15 13:00:00
2023-05-15,14,0.255,Estimado,2023-05-15 14:00:00
2023-05-15,15,0.323,Estimado,2023-05-15 15:00:00
2023-05-15,16,1.219,Estimado,2023-05-15 16:00:00
2023-05-15,17,0.268,Estimado,2023-05-15 17:00:00
2023-05-15,18,0.257,Estimado,2023-05-15 18:00:00
2023-05-15,19,0.237,Estimado,2023-05-15 19:00:00
2023-05-15,20,0.462,Estimado,2023-05-15 20:00:00
2023-05-15,21,0.561,Estimado,2023-05-15 21:00:00
2023-05-15,22,0.47,Estimado,2023-05-15 22:00:00
2023-05-15,23,0.536,Estimado,2023-05-15 23:00:00
2023-05-15,24,0.272,Estimado,2023-05-16 00:00:00
2023-05-16,1,0.239,Estimado,2023-05-16 01:00:00
2023-05-16,2,0.047,Estimado,2023-05-16 02:00:00
2023-05-16,3,0.039,Estimado,2023-05-16 03:00:00
2023-05-16,4,0.042,Estimado,2023-05-16 04:00:00
2023-05-16,5,0.041,Estimado,2023-05-16 05:00:00
2023-05-16,6,0.034,Estimado,2023-05-16 06:00:00
2023-05-16,7,0.034,Estimado,2023-05-16 07:00:00
2023-05-16,8,0.043,Estimado,2023-05-16 08:00:00
2023-05-16,9,0.088,Estimado,2023-05-16 09:00:00
2023-05-16,10,0.036,Estimado,2023-05-16 10:00:00
2023-05-16,11,0.033,Estimado,2023-05-16 11:00:00
2023-05-16,12,0.042,Estimado,2023-05-16 12:00:00
2023-05-16,13,0.043,Estimado,2023-05-16 13:00:00
2023-05-16,14,0.035,Estimado,2023-05-16 14:00:00
2023-05-16,15,0.036,Estimado,2023-05-16 15:00:00
2023-05-16,16,0.136,Estimado,2023-05-16 16:00:00
2023-05-16,17,0.337,Estimado,2023-05-16 17:00:00
2023-05-16,18,0.306,Estimado,2023-05-16 18:00:00
2023-05-16,19,0.305,Estimado,2023-05-16 19:00:00
2023-05-16,20,0.279,Estimado,2023-05-16 20:00:00
2023-05-16,21,0.271,Estimado,2023-05-16 21:00:00
2023-05-16,22,0.292,Estimado,2023-05-16 22:00:00
2023-05-16,23,0.279,Estimado,2023-05-16 23:00:00
2023-05-16,24,0.358,Estimado,2023-05-17 00:00:00
2023-05-17,1,0.318,Estimado,2023-05-17 01:00:00
2023-05-17,2,0.126,Estimado,2023-05-17 02:00:00
2023-05-17,3,0.042,Estimado,2023-05-17 03:00:00
2023-05-17,4,0.041,Estimado,2023-05-17 04:00:00
2023-05-17,5,0.039,Estimado,2023-05-17 05:00:00
2023-05-17,6,0.037,Estimado,2023-05-17 06:00:00
2023-05-17,7,0.038,Estimado,2023-05-17 07:00:00
2023-05-17,8,0.039,Estimado,2023-05-17 08:00:00
2023-05-17,9,0.042,Estimado,2023-05-17 09:00:00
2023-05-17,10,0.04,Estimado,2023-05-17 10:00:00
2023-05-17,11,0.042,Estimado,2023-05-17 11:00:00
2023-05-17,12,0.109,Estimado,2023-05-17 12:00:00
2023-05-17,13,0.243,Estimado,2023-05-17 13:00:00
2023-05-17,14,0.212,Estimado,2023-05-17 14:00:00
2023-05-17,15,0.228,Estimado,2023-05-17 15:00:00
2023-05-17,16,0.847,Estimado,2023-05-17 16:00:00
2023-05-17,17,0.238,Estimado,2023-05-17 17:00:00
2023-05-17,18,0.202,Estimado,2023-05-17 18:00:00
2023-05-17,19,0.428,Estimado,2023-05-17 19:00:00
2023-05-17,20,0.596,Estimado,2023-05-17 20:00:00
2023-05-17,21,0.334,Estimado,2023-05-17 21:00:00
2023-05-17,22,0.508,Estimado,2023-05-17 22:00:00
2023-05-17,23,0.377,Estimado,2023-05-17 23:00:00
2023-05-17,24,0.362,Estimado,2023-05-18 00:00:00
2023-05-18,1,0.462,Estimado,2023-05-18 01:00:00
2023-05-18,2,0.248,Estimado,2023-05-18 02:00:00
2023-05-18,3,0.048,Estimado,2023-05-18 03:00:00
2023-05-18,4,0.04,Estimado,2023-05-18 04:00:00
2023-05-18,5,0.039,Estimado,2023-05-18 05:00:00
2023-05-18,6,0.043,Estimado,2023-05-18 06:00:00
2023-05-18,7,0.1,Estimado,2023-05-18 07:00:00
2023-05-18,8,0.044,Estimado,2023-05-18 08:00:00
2023-05-18,9,0.047,Estimado,2023-05-18 09:00:00
2023-05-18,10,0.169,Estimado,2023-05-18 10:00:00
2023-05-18,11,0.304,Estimado,2023-05-18 11:00:00
2023-05-18,12,0.256,Estimado,2023-05-18 12:00:00
2023-05-18,13,0.274,Estimado,2023-05-18 13:00:00
2023-05-18,14,0.286,Estimado,2023-05-18 14:00:00
2023-05-18,15,0.71,Estimado,2023-05-18 15:00:00
2023-05-18,16,0.259,Estimado,2023-05-18 16:00:00
2023-05-18,17,0.252,Estimado,2023-05-18 17:00:00
2023-05-18,18,0.25,Estimado,2023-05-18 18:00:00
2023-05-18,19,0.241,Estimado,2023-05-18 19:00:00
2023-05-18,20,0.069,Estimado,2023-05-18 20:00:00
2023-05-18,21,0.047,Estimado,2023-05-18 21:00:00
2023-05-18,22,0.046,Estimado,2023-05-18 22:00:00
2023-05-18,23,0.11,Estimado,2023-05-18 23:00:00
2023-05-18,24,0.304,Estimado,2023-05-19 00:00:00
2023-05-19,1,0.248,Estimado,2023-05-19 01:00:00
2023-05-19,2,0.045,Estimado,2023-05-19 02:00:00
2023-05-19,3,0.045,Estimado,2023-05-19 03:00:00
2023-05-19,4,0.041,Estimado,2023-05-19 04:00:00
2023-05-19,5,0.038,Estimado,2023-05-19 05:00:00
2023-05-19,6,0.044,Estimado,2023-05-19 06:00:00
2023-05-19,7,0.04,Estimado,2023-05-19 07:00:00
2023-05-19,8,0.041,Estimado,2023-05-19 08:00:00
2023-05-19,9,0.044,Estimado,2023-05-19 09:00:00
2023-05-19,10,0.091,Estimado,2023-05-19 10:00:00
2023-05-19,11,0.249,Estimado,2023-05-19 11:00:00
2023-05-19,12,0.288,Estimado,2023-05-19 12:00:00
2023-05-19,13,0.253,Estimado,2023-05-19 13:00:00
2023-05-19,14,0.299,Estimado,2023-05-19 14:00:00
2023-05-19,15,0.555,Estimado,2023-05-19 15:00:00
2023-05-19,16,0.623,Estimado,2023-05-19 16:00:00
2023-05-19,17,0.251,Estimado,2023-05-19 17:00:00
2023-05-19,18,0.332,Estimado,2023-05-19 18:00:00
2023-05-19,19,0.891,Estimado,2023-05-19 19:00:00
2023-05-19,20,0.044,Estimado,2023-05-19 20:00:00
2023-05-19,21,0.041,Estimado,2023-05-19 21:00:00
2023-05-19,22,0.039,Estimado,2023-05-19 22:00:00
2023-05-19,23,0.039,Estimado,2023-05-19 23:00:00
2023-05-19,24,0.043,Estimado,2023-05-20 00:00:00
2023-05-20,1,0.155,Estimado,2023-05-20 01:00:00
2023-05-20,2,0.224,Estimado,2023-05-20 02:00:00
2023-05-20,3,0.041,Estimado,2023-05-20 03:00:00
2023-05-20,4,0.035,Estimado,2023-05-20 04:00:00
2023-05-20,5,0.037,Estimado,2023-05-20 05:00:00
2023-05-20,6,0.036,Estimado,2023-05-20 06:00:00
2023-05-20,7,0.042,Estimado,2023-05-20 07:00:00
2023-05-20,8,0.04,Estimado,2023-05-20 08:00:00
2023-05-20,9,0.042,Estimado,2023-05-20 09:00:00
2023-05-20,10,0.04,Estimado,2023-05-20 10:00:00
2023-05-20,11,0.04,Estimado,2023-05-20 11:00:00
2023-05-20,12,0.091,Estimado,2023-05-20 12:00:00
2023-05-20,13,0.312,Estimado,2023-05-20 13:00:00
2023-05-20,14,0.236,Estimado,2023-05-20 14:00:00
2023-05-20,15,0.671,Estimado,2023-05-20 15:00:00
2023-05-20,16,0.864,Estimado,2023-05-20 16:00:00
2023-05-20,17,0.832,Estimado,2023-05-20 17:00:00
2023-05-20,18,1.013,Estimado,2023-05-20 18:00:00
2023-05-20,19,0.681,Estimado,2023-05-20 19:00:00
2023-05-20,20,0.126,Estimado,2023-05-20 20:00:00
2023-05-20,21,0.037,Estimado,2023-05-20 21:00:00
2023-05-20,22,0.091,Estimado,2023-05-20 22:00:00
2023-05-20,23,0.06,Estimado,2023-05-20 23:00:00
2023-05-20,24,0.043,Estimado,2023-05-21 00:00:00
2023-05-21,1,0.037,Estimado,2023-05-21 01:00:00
2023-05-21,2,0.042,Estimado,2023-05-21 02:00:00
2023-05-21,3,0.037,Estimado,2023-05-21 03:00:00
2023-05-21,4,0.052,Estimado,2023-05-21 04:00:00
2023-05-21,5,0.08,Estimado,2023-05-21 05:00:00
2023-05-21,6,0.05,Estimado,2023-05-21 06:00:00
2023-05-21,7,0.04,Estimado,2023-05-21 07:00:00
2023-05-21,8,0.033,Estimado,2023-05-21 08:00:00
2023-05-21,9,0.035,Estimado,2023-05-21 09:00:00
2023-05-21,10,0.041,Estimado,2023-05-21 10:00:00
2023-05-21,11,0.04,Estimado,2023-05-21 11:00:00
2023-05-21,12,0.104,Estimado,2023-05-21 12:00:00
2023-05-21,13,0.223,Estimado,2023-05-21 13:00:00
2023-05-21,14,0.284,Estimado,2023-05-21 14:00:00
2023-05-21,15,0.339,Estimado,2023-05-21 15:00:00
2023-05-21,16,0.537,Estimado,2023-05-21 16:00:00
2023-05-21,17,0.251,Estimado,2023-05-21 17:00:00
2023-05-21,18,0.247,Estimado,2023-05-21 18:00:00
2023-05-21,19,0.23,Estimado,2023-05-21 19:00:00
2023-05-21,20,0.375,Estimado,2023-05-21 20:00:00
2023-05-21,21,0.509,Estimado,2023-05-21 21:00:00
2023-05-21,22,0.233,Estimado,2023-05-21 22:00:00
2023-05-21,23,0.239,Estimado,2023-05-21 23:00:00
2023-05-21,24,0.28,Estimado,2023-05-22 00:00:00
2023-05-22,1,0.25,Estimado,2023-05-22 01:00:00
2023-05-22,2,0.246,Estimado,2023-05-22 02:00:00
2023-05-22,3,0.041,Estimado,2023-05-22 03:00:00
2023-05-22,4,0.041,Estimado,2023-05-22 04:00:00
2023-05-22,5,0.044,Estimado,2023-05-22 05:00:00
2023-05-22,6,0.039,Estimado,2023-05-22 06:00:00
2023-05-22,7,0.038,Estimado,2023-05-22 07:00:00
2023-05-22,8,0.088,Estimado,2023-05-22 08:00:00
2023-05-22,9,0.062,Estimado,2023-05-22 09:00:00
2023-05-22,10,0.168,Estimado,2023-05-22 10:00:00
2023-05-22,11,0.308,Estimado,2023-05-22 11:00:00
2023-05-22,12,0.257,Estimado,2023-05-22 12:00:00
2023-05-22,13,0.263,Estimado,2023-05-22 13:00:00
2023-05-22,14,0.387,Estimado,2023-05-22 14:00:00
2023-05-22,15,0.537,Estimado,2023-05-22 15:00:00
2023-05-22,16,0.296,Estimado,2023-05-22 16:00:00
2023-05-22,17,0.3,Estimado,2023-05-22 17:00:00
2023-05-22,18,0.288,Estimado,2023-05-22 18:00:00
2023-05-22,19,0.277,Estimado,2023-05-22 19:00:00
2023-05-22,20,0.231,Estimado,2023-05-22 20:00:00
2023-05-22,21,0.086,Estimado,2023-05-22 21:00:00
2023-05-22,22,0.694,Estimado,2023-05-22 22:00:00
2023-05-22,23,1.414,Estimado,2023-05-22 23:00:00
2023-05-22,24,0.564,Estimado,2023-05-23 00:00:00
2023-05-23,1,0.417,Estimado,2023-05-23 01:00:00
2023-05-23,2,0.125,Estimado,2023-05-23 02:00:00
2023-05-23,3,0.042,Estimado,2023-05-23 03:00:00
2023-05-23,4,0.042,Estimado,2023-05-23 04:00:00
2023-05-23,5,0.043,Estimado,2023-05-23 05:00:00
2023-05-23,6,0.038,Estimado,2023-05-23 06:00:00
2023-05-23,7,0.04,Estimado,2023-05-23 07:00:00
2023-05-23,8,0.042,Estimado,2023-05-23 08:00:00
2023-05-23,9,0.076,Estimado,2023-05-23 09:00:00
2023-05-23,10,0.047,Estimado,2023-05-23 10:00:00
2023-05-23,11,0.043,Estimado,2023-05-23 11:00:00
2023-05-23,12,0.042,Estimado,2023-05-23 12:00:00
2023-05-23,13,0.041,Estimado,2023-05-23 13:00:00
2023-05-23,14,0.089,Estimado,2023-05-23 14:00:00
2023-05-23,15,0.059,Estimado,2023-05-23 15:00:00
2023-05-23,16,0.041,Estimado,2023-05-23 16:00:00
2023-05-23,17,0.047,Estimado,2023-05-23 17:00:00
2023-05-23,18,0.036,Estimado,2023-05-23 18:00:00
2023-05-23,19,0.08,Estimado,2023-05-23 19:00:00
2023-05-23,20,1.125,Estimado,2023-05-23 20:00:00
2023-05-23,21,1.1,Estimado,2023-05-23 21:00:00
2023-05-23,22,1.071,Estimado,2023-05-23 22:00:00
2023-05-23,23,0.651,Estimado,2023-05-23 23:00:00
2023-05-23,24,0.345,Estimado,2023-05-24 00:00:00
2023-05-24,1,0.228,Estimado,2023-05-24 01:00:00
2023-05-24,2,0.099,Estimado,2023-05-24 02:00:00
2023-05-24,3,0.044,Estimado,2023-05-24 03:00:00
2023-05-24,4,0.046,Estimado,2023-05-24 04:00:00
2023-05-24,5,0.041,Estimado,2023-05-24 05:00:00
2023-05-24,6,0.04,Estimado,2023-05-24 06:00:00
2023-05-24,7,0.039,Estimado,2023-05-24 07:00:00
2023-05-24,8,0.04,Estimado,2023-05-24 08:00:00
2023-05-24,9,0.071,Estimado,2023-05-24 09:00:00
2023-05-24,10,0.056,Estimado,2023-05-24 10:00:00
2023-05-24,11,0.043,Estimado,2023-05-24 11:00:00
2023-05-24,12,0.043,Estimado,2023-05-24 12:00:00
2023-05-24,13,0.039,Estimado,2023-05-24 13:00:00
2023-05-24,14,0.045,Estimado,2023-05-24 14:00:00
2023-05-24,15,0.11,Estimado,2023-05-24 15:00:00
2023-05-24,16,1.284,Estimado,2023-05-24 16:00:00
2023-05-24,17,0.799,Estimado,2023-05-24 17:00:00
2023-05-24,18,0.901,Estimado,2023-05-24 18:00:00
2023-05-24,19,1.081,Estimado,2023-05-24 19:00:00
2023-05-24,20,0.746,Estimado,2023-05-24 20:00:00
2023-05-24,21,0.379,Estimado,2023-05-24 21:00:00
2023-05-24,22,0.497,Estimado,2023-05-24 22:00:00
2023-05-24,23,0.311,Estimado,2023-05-24 23:00:00
2023-05-24,24,0.356,Estimado,2023-05-25 00:00:00
2023-05-25,1,0.454,Estimado,2023-05-25 01:00:00
2023-05-25,2,0.08,Estimado,2023-05-25 02:00:00
2023-05-25,3,0.045,Estimado,2023-05-25 03:00:00
2023-05-25,4,0.044,Estimado,2023-05-25 04:00:00
2023-05-25,5,0.04,Estimado,2023-05-25 05:00:00
2023-05-25,6,0.039,Estimado,2023-05-25 06:00:00
2023-05-25,7,0.039,Estimado,2023-05-25 07:00:00
2023-05-25,8,0.045,Estimado,2023-05-25 08:00:00
2023-05-25,9,0.094,Estimado,2023-05-25 09:00:00
2023-05-25,10,0.276,Estimado,2023-05-25 10:00:00
2023-05-25,11,0.279,Estimado,2023-05-25 11:00:00
2023-05-25,12,0.272,Estimado,2023-05-25 12:00:00
2023-05-25,13,0.296,Estimado,2023-05-25 13:00:00
2023-05-25,14,0.984,Estimado,2023-05-25 14:00:00
2023-05-25,15,0.277,Estimado,2023-05-25 15:00:00
2023-05-25,16,0.189,Estimado,2023-05-25 16:00:00
2023-05-25,17,0.036,Estimado,2023-05-25 17:00:00
2023-05-25,18,0.033,Estimado,2023-05-25 18:00:00
2023-05-25,19,0.033,Estimado,2023-05-25 19:00:00
2023-05-25,20,0.027,Estimado,2023-05-25 20:00:00
2023-05-25,21,0.029,Estimado,2023-05-25 21:00:00
2023-05-25,22,0.029,Estimado,2023-05-25 22:00:00
2023-05-25,23,0.029,Estimado,2023-05-25 23:00:00
2023-05-25,24,0.031,Estimado,2023-05-26 00:00:00
2023-05-26,1,0.032,Estimado,2023-05-26 01:00:00
2023-05-26,2,0.033,Estimado,2023-05-26 02:00:00
2023-05-26,3,0.028,Estimado,2023-05-26 03:00:00
2023-05-26,4,0.028,Estimado,2023-05-26 04:00:00
2023-05-26,5,0.028,Estimado,2023-05-26 05:00:00
2023-05-26,6,0.033,Estimado,2023-05-26 06:00:00
2023-05-26,7,0.028,Estimado,2023-05-26 07:00:00
2023-05-26,8,0.027,Estimado,2023-05-26 08:00:00
2023-05-26,9,0.028,Estimado,2023-05-26 09:00:00
2023-05-26,10,0.028,Estimado,2023-05-26 10:00:00
2023-05-26,11,0.095,Estimado,2023-05-26 11:00:00
2023-05-26,12,0.043,Estimado,2023-05-26 12:00:00
2023-05-26,13,0.034,Estimado,2023-05-26 13:00:00
2023-05-26,14,0.027,Estimado,2023-05-26 14:00:00
2023-05-26,15,0.028,Estimado,2023-05-26 15:00:00
2023-05-26,16,0.035,Estimado,2023-05-26 16:00:00
2023-05-26,17,0.031,Estimado,2023-05-26 17:00:00
2023-05-26,18,0.027,Estimado,2023-05-26 18:00:00
2023-05-26,19,0.032,Estimado,2023-05-26 19:00:00
2023-05-26,20,0.026,Estimado,2023-05-26 20:00:00
2023-05-26,21,0.026,Estimado,2023-05-26 21:00:00
2023-05-26,22,0.034,Estimado,2023-05-26 22:00:00
2023-05-26,23,0.033,Estimado,2023-05-26 23:00:00
2023-05-26,24,0.026,Estimado,2023-05-27 00:00:00
2023-05-27,1,0.031,Estimado,2023-05-27 01:00:00
2023-05-27,2,0.026,Estimado,2023-05-27 02:00:00
2023-05-27,3,0.026,Estimado,2023-05-27 03:00:00
2023-05-27,4,0.025,Estimado,2023-05-27 04:00:00
2023-05-27,5,0.032,Estimado,2023-05-27 05:00:00
2023-05-27,6,0.03,Estimado,2023-05-27 06:00:00
2023-05-27,7,0.025,Estimado,2023-05-27 07:00:00
2023-05-27,8,0.03,Estimado,2023-05-27 08:00:00
2023-05-27,9,0.028,Estimado,2023-05-27 09:00:00
2023-05-27,10,0.024,Estimado,2023-05-27 10:00:00
2023-05-27,11,0.025,Estimado,2023-05-27 11:00:00
2023-05-27,12,0.028,Estimado,2023-05-27 12:00:00
2023-05-27,13,0.031,Estimado,2023-05-27 13:00:00
2023-05-27,14,0.029,Estimado,2023-05-27 14:00:00
2023-05-27,15,0.025,Estimado,2023-05-27 15:00:00
2023-05-27,16,0.028,Estimado,2023-05-27 16:00:00
2023-05-27,17,0.03,Estimado,2023-05-27 17:00:00
2023-05-27,18,0.025,Estimado,2023-05-27 18:00:00
2023-05-27,19,0.025,Estimado,2023-05-27 19:00:00
2023-05-27,20,0.026,Estimado,2023-05-27 20:00:00
2023-05-27,21,0.027,Estimado,2023-05-27 21:00:00
2023-05-27,22,0.031,Estimado,2023-05-27 22:00:00
2023-05-27,23,0.031,Estimado,2023-05-27 23:00:00
2023-05-27,24,0.026,Estimado,2023-05-28 00:00:00
2023-05-28,1,0.025,Estimado,2023-05-28 01:00:00
2023-05-28,2,0.068,Estimado,2023-05-28 02:00:00
2023-05-28,3,0.054,Estimado,2023-05-28 03:00:00
2023-05-28,4,0.031,Estimado,2023-05-28 04:00:00
2023-05-28,5,0.034,Estimado,2023-05-28 05:00:00
2023-05-28,6,0.025,Estimado,2023-05-28 06:00:00
2023-05-28,7,0.029,Estimado,2023-05-28 07:00:00
2023-05-28,8,0.027,Estimado,2023-05-28 08:00:00
2023-05-28,9,0.024,Estimado,2023-05-28 09:00:00
2023-05-28,10,0.025,Estimado,2023-05-28 10:00:00
2023-05-28,11,0.031,Estimado,2023-05-28 11:00:00
2023-05-28,12,0.03,Estimado,2023-05-28 12:00:00
2023-05-28,13,0.028,Estimado,2023-05-28 13:00:00
2023-05-28,14,0.027,Estimado,2023-05-28 14:00:00
2023-05-28,15,0.022,Estimado,2023-05-28 15:00:00
2023-05-28,16,0.033,Estimado,2023-05-28 16:00:00
2023-05-28,17,0.026,Estimado,2023-05-28 17:00:00
2023-05-28,18,0.029,Estimado,2023-05-28 18:00:00
2023-05-28,19,0.24,Estimado,2023-05-28 19:00:00
2023-05-28,20,0.242,Estimado,2023-05-28 20:00:00
2023-05-28,21,0.224,Estimado,2023-05-28 21:00:00
2023-05-28,22,0.214,Estimado,2023-05-28 22:00:00
2023-05-28,23,0.889,Estimado,2023-05-28 23:00:00
2023-05-28,24,0.255,Estimado,2023-05-29 00:00:00
2023-05-29,1,0.317,Estimado,2023-05-29 01:00:00
2023-05-29,2,0.304,Estimado,2023-05-29 02:00:00
2023-05-29,3,0.07,Estimado,2023-05-29 03:00:00
2023-05-29,4,0.043,Estimado,2023-05-29 04:00:00
2023-05-29,5,0.039,Estimado,2023-05-29 05:00:00
2023-05-29,6,0.039,Estimado,2023-05-29 06:00:00
2023-05-29,7,0.04,Estimado,2023-05-29 07:00:00
2023-05-29,8,0.035,Estimado,2023-05-29 08:00:00
2023-05-29,9,0.044,Estimado,2023-05-29 09:00:00
2023-05-29,10,0.295,Estimado,2023-05-29 10:00:00
2023-05-29,11,0.261,Estimado,2023-05-29 11:00:00
2023-05-29,12,0.237,Estimado,2023-05-29 12:00:00
2023-05-29,13,0.258,Estimado,2023-05-29 13:00:00
2023-05-29,14,0.289,Estimado,2023-05-29 14:00:00
2023-05-29,15,0.348,Estimado,2023-05-29 15:00:00
2023-05-29,16,0.747,Estimado,2023-05-29 16:00:00
2023-05-29,17,0.284,Estimado,2023-05-29 17:00:00
2023-05-29,18,0.277,Estimado,2023-05-29 18:00:00
2023-05-29,19,0.316,Estimado,2023-05-29 19:00:00
2023-05-29,20,0.082,Estimado,2023-05-29 20:00:00
2023-05-29,21,0.135,Estimado,2023-05-29 21:00:00
2023-05-29,22,0.28,Estimado,2023-05-29 22:00:00
2023-05-29,23,0.278,Estimado,2023-05-29 23:00:00
2023-05-29,24,0.294,Estimado,2023-05-30 00:00:00
2023-05-30,1,0.293,Estimado,2023-05-30 01:00:00
2023-05-30,2,0.155,Estimado,2023-05-30 02:00:00
2023-05-30,3,0.05,Estimado,2023-05-30 03:00:00
2023-05-30,4,0.042,Estimado,2023-05-30 04:00:00
2023-05-30,5,0.039,Estimado,2023-05-30 05:00:00
2023-05-30,6,0.045,Estimado,2023-05-30 06:00:00
2023-05-30,7,0.041,Estimado,2023-05-30 07:00:00
2023-05-30,8,0.037,Estimado,2023-05-30 08:00:00
2023-05-30,9,0.107,Estimado,2023-05-30 09:00:00
2023-05-30,10,0.256,Estimado,2023-05-30 10:00:00
2023-05-30,11,0.288,Estimado,2023-05-30 11:00:00
2023-05-30,12,0.283,Estimado,2023-05-30 12:00:00
2023-05-30,13,0.244,Estimado,2023-05-30 13:00:00
2023-05-30,14,0.272,Estimado,2023-05-30 14:00:00
2023-05-30,15,0.256,Estimado,2023-05-30 15:00:00
2023-05-30,16,0.691,Estimado,2023-05-30 16:00:00
2023-05-30,17,0.289,Estimado,2023-05-30 17:00:00
2023-05-30,18,0.262,Estimado,2023-05-30 18:00:00
2023-05-30,19,0.257,Estimado,2023-05-30 19:00:00
2023-05-30,20,0.248,Estimado,2023-05-30 20:00:00
2023-05-30,21,0.227,Estimado,2023-05-30 21:00:00
2023-05-30,22,0.272,Estimado,2023-05-30 22:00:00
2023-05-30,23,0.374,Estimado,2023-05-30 23:00:00
2023-05-30,24,0.343,Estimado,2023-05-31 00:00:00
2023-05-31,1,0.25,Estimado,2023-05-31 01:00:00
2023-05-31,2,0.169,Estimado,2023-05-31 02:00:00
2023-05-31,3,0.045,Estimado,2023-05-31 03:00:00
2023-05-31,4,0.04,Estimado,2023-05-31 04:00:00
2023-05-31,5,0.04,Estimado,2023-05-31 05:00:00
2023-05-31,6,0.039,Estimado,2023-05-31 06:00:00
2023-05-31,7,0.04,Estimado,2023-05-31 07:00:00
2023-05-31,8,0.04,Estimado,2023-05-31 08:00:00
2023-05-31,9,0.081,Estimado,2023-05-31 09:00:00
2023-05-31,10,0.041,Estimado,2023-05-31 10:00:00
2023-05-31,11,0.041,Estimado,2023-05-31 11:00:00
2023-05-31,12,0.041,Estimado,2023-05-31 12:00:00
2023-05-31,13,0.04,Estimado,2023-05-31 13:00:00
2023-05-31,14,0.04,Estimado,2023-05-31 14:00:00
2023-05-31,15,0.04,Estimado,2023-05-31 15:00:00
2023-05-31,16,0.119,Estimado,2023-05-31 16:00:00
2023-05-31,17,0.243,Estimado,2023-05-31 17:00:00
2023-05-31,18,0.251,Estimado,2023-05-31 18:00:00
2023-05-31,19,0.263,Estimado,2023-05-31 19:00:00
2023-05-31,20,0.241,Estimado,2023-05-31 20:00:00
2023-05-31,21,0.237,Estimado,2023-05-31 21:00:00
2023-05-31,22,0.214,Estimado,2023-05-31 22:00:00
2023-05-31,23,0.233,Estimado,2023-05-31 23:00:00
2023-05-31,24,0.266,Estimado,2023-06-01 00:00:00
2023-06-01,1,0.266,Estimado,2023-06-01 01:00:00
2023-06-01,2,0.259,Estimado,2023-06-01 02:00:00
2023-06-01,3,0.048,Estimado,2023-06-01 03:00:00
2023-06-01,4,0.101,Estimado,2023-06-01 04:00:00
2023-06-01,5,0.052,Estimado,2023-06-01 05:00:00
2023-06-01,6,0.042,Estimado,2023-06-01 06:00:00
2023-06-01,7,0.04,Estimado,2023-06-01 07:00:00
2023-06-01,8,0.039,Estimado,2023-06-01 08:00:00
2023-06-01,9,0.057,Estimado,2023-06-01 09:00:00
2023-06-01,10,0.292,Estimado,2023-06-01 10:00:00
2023-06-01,11,0.272,Estimado,2023-06-01 11:00:00
2023-06-01,12,0.261,Estimado,2023-06-01 12:00:00
2023-06-01,13,0.286,Estimado,2023-06-01 13:00:00
2023-06-01,14,0.28,Estimado,2023-06-01 14:00:00
2023-06-01,15,0.322,Estimado,2023-06-01 15:00:00
2023-06-01,16,0.27,Estimado,2023-06-01 16:00:00
2023-06-01,17,0.27,Estimado,2023-06-01 17:00:00
2023-06-01,18,0.272,Estimado,2023-06-01 18:00:00
2023-06-01,19,0.228,Estimado,2023-06-01 19:00:00
2023-06-01,20,0.4,Estimado,2023-06-01 20:00:00
2023-06-01,21,0.386,Estimado,2023-06-01 21:00:00
2023-06-01,22,0.034,Estimado,2023-06-01 22:00:00
2023-06-01,23,0.111,Estimado,2023-06-01 23:00:00
2023-06-01,24,0.516,Estimado,2023-06-02 00:00:00
2023-06-02,1,0.456,Estimado,2023-06-02 01:00:00
2023-06-02,2,0.172,Estimado,2023-06-02 02:00:00
2023-06-02,3,0.092,Estimado,2023-06-02 03:00:00
2023-06-02,4,0.041,Estimado,2023-06-02 04:00:00
2023-06-02,5,0.037,Estimado,2023-06-02 05:00:00
2023-06-02,6,0.044,Estimado,2023-06-02 06:00:00
2023-06-02,7,0.039,Estimado,2023-06-02 07:00:00
2023-06-02,8,0.037,Estimado,2023-06-02 08:00:00
2023-06-02,9,0.046,Estimado,2023-06-02 09:00:00
2023-06-02,10,0.251,Estimado,2023-06-02 10:00:00
2023-06-02,11,0.271,Estimado,2023-06-02 11:00:00
2023-06-02,12,0.286,Estimado,2023-06-02 12:00:00
2023-06-02,13,0.271,Estimado,2023-06-02 13:00:00
2023-06-02,14,0.243,Estimado,2023-06-02 14:00:00
2023-06-02,15,0.938,Estimado,2023-06-02 15:00:00
2023-06-02,16,0.272,Estimado,2023-06-02 16:00:00
2023-06-02,17,0.256,Estimado,2023-06-02 17:00:00
2023-06-02,18,0.258,Estimado,2023-06-02 18:00:00
2023-06-02,19,0.176,Estimado,2023-06-02 19:00:00
2023-06-02,20,0.194,Estimado,2023-06-02 20:00:00
2023-06-02,21,0.903,Estimado,2023-06-02 21:00:00
2023-06-02,22,1.091,Estimado,2023-06-02 22:00:00
2023-06-02,23,0.869,Estimado,2023-06-02 23:00:00
2023-06-02,24,0.302,Estimado,2023-06-03 00:00:00
2023-06-03,1,0.277,Estimado,2023-06-03 01:00:00
2023-06-03,2,0.158,Estimado,2023-06-03 02:00:00
2023-06-03,3,0.047,Estimado,2023-06-03 03:00:00
2023-06-03,4,0.044,Estimado,2023-06-03 04:00:00
2023-06-03,5,0.043,Estimado,2023-06-03 05:00:00
2023-06-03,6,0.041,Estimado,2023-06-03 06:00:00
2023-06-03,7,0.041,Estimado,2023-06-03 07:00:00
2023-06-03,8,0.042,Estimado,2023-06-03 08:00:00
2023-06-03,9,0.041,Estimado,2023-06-03 09:00:00
2023-06-03,10,0.063,Estimado,2023-06-03 10:00:00
2023-06-03,11,0.03,Estimado,2023-06-03 11:00:00
2023-06-03,12,0.037,Estimado,2023-06-03 12:00:00
2023-06-03,13,0.032,Estimado,2023-06-03 13:00:00
2023-06-03,14,0.025,Estimado,2023-06-03 14:00:00
2023-06-03,15,0.026,Estimado,2023-06-03 15:00:00
2023-06-03,16,0.031,Estimado,2023-06-03 16:00:00
2023-06-03,17,0.03,Estimado,2023-06-03 17:00:00
2023-06-03,18,0.03,Estimado,2023-06-03 18:00:00
2023-06-03,19,0.027,Estimado,2023-06-03 19:00:00
2023-06-03,20,0.025,Estimado,2023-06-03 20:00:00
2023-06-03,21,0.03,Estimado,2023-06-03 21:00:00
2023-06-03,22,0.032,Estimado,2023-06-03 22:00:00
2023-06-03,23,0.026,Estimado,2023-06-03 23:00:00
2023-06-03,24,0.026,Estimado,2023-06-04 00:00:00
2023-06-04,1,0.035,Estimado,2023-06-04 01:00:00
2023-06-04,2,0.088,Estimado,2023-06-04 02:00:00
2023-06-04,3,0.026,Estimado,2023-06-04 03:00:00
2023-06-04,4,0.025,Estimado,2023-06-04 04:00:00
2023-06-04,5,0.03,Estimado,2023-06-04 05:00:00
2023-06-04,6,0.03,Estimado,2023-06-04 06:00:00
2023-06-04,7,0.026,Estimado,2023-06-04 07:00:00
2023-06-04,8,0.022,Estimado,2023-06-04 08:00:00
2023-06-04,9,0.027,Estimado,2023-06-04 09:00:00
2023-06-04,10,0.03,Estimado,2023-06-04 10:00:00
2023-06-04,11,0.029,Estimado,2023-06-04 11:00:00
2023-06-04,12,0.024,Estimado,2023-06-04 12:00:00
2023-06-04,13,0.022,Estimado,2023-06-04 13:00:00
2023-06-04,14,0.026,Estimado,2023-06-04 14:00:00
2023-06-04,15,0.029,Estimado,2023-06-04 15:00:00
2023-06-04,16,0.029,Estimado,2023-06-04 16:00:00
2023-06-04,17,0.026,Estimado,2023-06-04 17:00:00
2023-06-04,18,0.024,Estimado,2023-06-04 18:00:00
2023-06-04,19,0.344,Estimado,2023-06-04 19:00:00
2023-06-04,20,0.58,Estimado,2023-06-04 20:00:00
2023-06-04,21,0.635,Estimado,2023-06-04 21:00:00
2023-06-04,22,0.436,Estimado,2023-06-04 22:00:00
2023-06-04,23,0.726,Estimado,2023-06-04 23:00:00
2023-06-04,24,0.248,Estimado,2023-06-05 00:00:00
2023-06-05,1,0.105,Estimado,2023-06-05 01:00:00
2023-06-05,2,0.037,Estimado,2023-06-05 02:00:00
2023-06-05,3,0.037,Estimado,2023-06-05 03:00:00
2023-06-05,4,0.036,Estimado,2023-06-05 04:00:00
2023-06-05,5,0.035,Estimado,2023-06-05 05:00:00
2023-06-05,6,0.038,Estimado,2023-06-05 06:00:00
2023-06-05,7,0.04,Estimado,2023-06-05 07:00:00
2023-06-05,8,0.04,Estimado,2023-06-05 08:00:00
2023-06-05,9,0.042,Estimado,2023-06-05 09:00:00
2023-06-05,10,0.042,Estimado,2023-06-05 10:00:00
2023-06-05,11,0.26,Estimado,2023-06-05 11:00:00
2023-06-05,12,0.288,Estimado,2023-06-05 12:00:00
2023-06-05,13,0.279,Estimado,2023-06-05 13:00:00
2023-06-05,14,0.34,Estimado,2023-06-05 14:00:00
2023-06-05,15,0.976,Estimado,2023-06-05 15:00:00
2023-06-05,16,0.325,Estimado,2023-06-05 16:00:00
2023-06-05,17,0.312,Estimado,2023-06-05 17:00:00
2023-06-05,18,0.312,Estimado,2023-06-05 18:00:00
2023-06-05,19,0.262,Estimado,2023-06-05 19:00:00
2023-06-05,20,0.28,Estimado,2023-06-05 20:00:00
2023-06-05,21,0.272,Estimado,2023-06-05 21:00:00
2023-06-05,22,0.958,Estimado,2023-06-05 22:00:00
2023-06-05,23,1.432,Estimado,2023-06-05 23:00:00
2023-06-05,24,0.492,Estimado,2023-06-06 00:00:00
2023-06-06,1,0.26,Real,2023-06-06 01:00:00
2023-06-06,2,0.05,Real,2023-06-06 02:00:00
2023-06-06,3,0.068,Real,2023-06-06 03:00:00
2023-06-06,4,0.041,Real,2023-06-06 04:00:00
2023-06-06,5,0.036,Real,2023-06-06 05:00:00
2023-06-06,6,0.036,Real,2023-06-06 06:00:00
2023-06-06,7,0.038,Real,2023-06-06 07:00:00
2023-06-06,8,0.041,Real,2023-06-06 08:00:00
2023-06-06,9,0.07,Real,2023-06-06 09:00:00
2023-06-06,10,0.047,Real,2023-06-06 10:00:00
2023-06-06,11,0.04,Real,2023-06-06 11:00:00
2023-06-06,12,0.037,Real,2023-06-06 12:00:00
2023-06-06,13,0.036,Real,2023-06-06 13:00:00
2023-06-06,14,0.041,Real,2023-06-06 14:00:00
2023-06-06,15,0.041,Real,2023-06-06 15:00:00
2023-06-06,16,0.04,Real,2023-06-06 16:00:00
2023-06-06,17,0.036,Real,2023-06-06 17:00:00
2023-06-06,18,0.036,Real,2023-06-06 18:00:00
2023-06-06,19,0.047,Real,2023-06-06 19:00:00
2023-06-06,20,0.102,Real,2023-06-06 20:00:00
2023-06-06,21,1.042,Real,2023-06-06 21:00:00
2023-06-06,22,0.733,Real,2023-06-06 22:00:00
2023-06-06,23,0.576,Real,2023-06-06 23:00:00
2023-06-06,24,0.372,Real,2023-06-07 00:00:00
2023-06-07,1,0.268,Real,2023-06-07 01:00:00
2023-06-07,2,0.091,Real,2023-06-07 02:00:00
2023-06-07,3,0.046,Real,2023-06-07 03:00:00
2023-06-07,4,0.042,Real,2023-06-07 04:00:00
2023-06-07,5,0.043,Real,2023-06-07 05:00:00
2023-06-07,6,0.042,Real,2023-06-07 06:00:00
2023-06-07,7,0.042,Real,2023-06-07 07:00:00
2023-06-07,8,0.04,Real,2023-06-07 08:00:00
2023-06-07,9,0.044,Real,2023-06-07 09:00:00
2023-06-07,10,0.045,Real,2023-06-07 10:00:00
2023-06-07,11,0.04,Real,2023-06-07 11:00:00
2023-06-07,12,0.04,Real,2023-06-07 12:00:00
2023-06-07,13,0.041,Real,2023-06-07 13:00:00
2023-06-07,14,0.039,Real,2023-06-07 14:00:00
2023-06-07,15,0.041,Real,2023-06-07 15:00:00
2023-06-07,16,0.181,Real,2023-06-07 16:00:00
2023-06-07,17,0.264,Real,2023-06-07 17:00:00
2023-06-07,18,0.278,Real,2023-06-07 18:00:00
2023-06-07,19,0.272,Real,2023-06-07 19:00:00
2023-06-07,20,0.363,Real,2023-06-07 20:00:00
2023-06-07,21,0.274,Real,2023-06-07 21:00:00
2023-06-07,22,0.346,Real,2023-06-07 22:00:00
2023-06-07,23,0.524,Real,2023-06-07 23:00:00
2023-06-07,24,0.719,Real,2023-06-08 00:00:00
2023-06-08,1,0.288,Real,2023-06-08 01:00:00
2023-06-08,2,0.102,Real,2023-06-08 02:00:00
2023-06-08,3,0.038,Real,2023-06-08 03:00:00
2023-06-08,4,0.039,Real,2023-06-08 04:00:00
2023-06-08,5,0.042,Real,2023-06-08 05:00:00
2023-06-08,6,0.055,Real,2023-06-08 06:00:00
2023-06-08,7,0.096,Real,2023-06-08 07:00:00
2023-06-08,8,0.036,Real,2023-06-08 08:00:00
2023-06-08,9,0.134,Real,2023-06-08 09:00:00
2023-06-08,10,0.261,Real,2023-06-08 10:00:00
2023-06-08,11,0.111,Real,2023-06-08 11:00:00
2023-06-08,12,0.041,Real,2023-06-08 12:00:00
2023-06-08,13,0.041,Real,2023-06-08 13:00:00
2023-06-08,14,0.043,Real,2023-06-08 14:00:00
2023-06-08,15,0.042,Real,2023-06-08 15:00:00
2023-06-08,16,0.042,Real,2023-06-08 16:00:00
2023-06-08,17,0.04,Real,2023-06-08 17:00:00
2023-06-08,18,0.038,Real,2023-06-08 18:00:00
2023-06-08,19,0.04,Real,2023-06-08 19:00:00
2023-06-08,20,0.041,Real,2023-06-08 20:00:00
2023-06-08,21,0.041,Real,2023-06-08 21:00:00
2023-06-08,22,0.038,Real,2023-06-08 22:00:00
2023-06-08,23,0.039,Real,2023-06-08 23:00:00
2023-06-08,24,0.037,Real,2023-06-09 00:00:00
2023-06-09,1,0.038,Real,2023-06-09 01:00:00
2023-06-09,2,0.052,Real,2023-06-09 02:00:00
2023-06-09,3,0.038,Real,2023-06-09 03:00:00
2023-06-09,4,0.037,Real,2023-06-09 04:00:00
2023-06-09,5,0.037,Real,2023-06-09 05:00:00
2023-06-09,6,0.038,Real,2023-06-09 06:00:00
2023-06-09,7,0.037,Real,2023-06-09 07:00:00
2023-06-09,8,0.038,Real,2023-06-09 08:00:00
2023-06-09,9,0.08,Real,2023-06-09 09:00:00
2023-06-09,10,0.043,Real,2023-06-09 10:00:00
2023-06-09,11,0.037,Real,2023-06-09 11:00:00
2023-06-09,12,0.045,Real,2023-06-09 12:00:00
2023-06-09,13,0.04,Real,2023-06-09 13:00:00
2023-06-09,14,0.037,Real,2023-06-09 14:00:00
2023-06-09,15,0.036,Real,2023-06-09 15:00:00
2023-06-09,16,0.032,Real,2023-06-09 16:00:00
2023-06-09,17,0.042,Real,2023-06-09 17:00:00
2023-06-09,18,0.039,Real,2023-06-09 18:00:00
2023-06-09,19,0.039,Real,2023-06-09 19:00:00
2023-06-09,20,0.051,Real,2023-06-09 20:00:00
2023-06-09,21,0.056,Real,2023-06-09 21:00:00
2023-06-09,22,0.082,Real,2023-06-09 22:00:00
2023-06-09,23,0.034,Real,2023-06-09 23:00:00
2023-06-09,24,0.039,Real,2023-06-10 00:00:00
2023-06-10,1,0.041,Real,2023-06-10 01:00:00
2023-06-10,2,0.039,Real,2023-06-10 02:00:00
2023-06-10,3,0.032,Real,2023-06-10 03:00:00
2023-06-10,4,0.036,Real,2023-06-10 04:00:00
2023-06-10,5,0.041,Real,2023-06-10 05:00:00
2023-06-10,6,0.038,Real,2023-06-10 06:00:00
2023-06-10,7,0.032,Real,2023-06-10 07:00:00
2023-06-10,8,0.035,Real,2023-06-10 08:00:00
2023-06-10,9,0.041,Real,2023-06-10 09:00:00
2023-06-10,10,0.038,Real,2023-06-10 10:00:00
2023-06-10,11,0.033,Real,2023-06-10 11:00:00
2023-06-10,12,0.034,Real,2023-06-10 12:00:00
2023-06-10,13,0.067,Real,2023-06-10 13:00:00
2023-06-10,14,0.038,Real,2023-06-10 14:00:00
2023-06-10,15,0.036,Real,2023-06-10 15:00:00
2023-06-10,16,0.036,Real,2023-06-10 16:00:00
2023-06-10,17,0.048,Real,2023-06-10 17:00:00
2023-06-10,18,0.872,Real,2023-06-10 18:00:00
2023-06-10,19,0.344,Real,2023-06-10 19:00:00
2023-06-10,20,0.144,Real,2023-06-10 20:00:00
2023-06-10,21,0.253,Real,2023-06-10 21:00:00
2023-06-10,22,0.649,Real,2023-06-10 22:00:00
2023-06-10,23,0.846,Real,2023-06-10 23:00:00
2023-06-10,24,0.587,Real,2023-06-11 00:00:00
2023-06-11,1,0.08,Real,2023-06-11 01:00:00
2023-06-11,2,0.044,Real,2023-06-11 02:00:00
2023-06-11,3,0.039,Real,2023-06-11 03:00:00
2023-06-11,4,0.041,Real,2023-06-11 04:00:00
2023-06-11,5,0.037,Real,2023-06-11 05:00:00
2023-06-11,6,0.069,Real,2023-06-11 06:00:00
2023-06-11,7,0.101,Real,2023-06-11 07:00:00
2023-06-11,8,0.058,Real,2023-06-11 08:00:00
2023-06-11,9,0.04,Real,2023-06-11 09:00:00
2023-06-11,10,0.033,Real,2023-06-11 10:00:00
2023-06-11,11,0.042,Real,2023-06-11 11:00:00
2023-06-11,12,0.042,Real,2023-06-11 12:00:00
2023-06-11,13,0.031,Real,2023-06-11 13:00:00
2023-06-11,14,0.039,Real,2023-06-11 14:00:00
2023-06-11,15,0.039,Real,2023-06-11 15:00:00
2023-06-11,16,0.031,Real,2023-06-11 16:00:00
2023-06-11,17,0.134,Real,2023-06-11 17:00:00
2023-06-11,18,1.299,Real,2023-06-11 18:00:00
2023-06-11,19,0.301,Real,2023-06-11 19:00:00
2023-06-11,20,0.278,Real,2023-06-11 20:00:00
2023-06-11,21,0.354,Real,2023-06-11 21:00:00
2023-06-11,22,0.875,Real,2023-06-11 22:00:00
2023-06-11,23,1.103,Real,2023-06-11 23:00:00
2023-06-11,24,1.134,Real,2023-06-12 00:00:00
2023-06-12,1,0.531,Real,2023-06-12 01:00:00
2023-06-12,2,0.281,Real,2023-06-12 02:00:00
2023-06-12,3,0.042,Real,2023-06-12 03:00:00
2023-06-12,4,0.04,Real,2023-06-12 04:00:00
2023-06-12,5,0.036,Real,2023-06-12 05:00:00
2023-06-12,6,0.033,Real,2023-06-12 06:00:00
2023-06-12,7,0.036,Real,2023-06-12 07:00:00
2023-06-12,8,0.04,Real,2023-06-12 08:00:00
2023-06-12,9,0.04,Real,2023-06-12 09:00:00
2023-06-12,10,0.205,Real,2023-06-12 10:00:00
2023-06-12,11,0.393,Real,2023-06-12 11:00:00
2023-06-12,12,0.308,Real,2023-06-12 12:00:00
2023-06-12,13,0.259,Real,2023-06-12 13:00:00
2023-06-12,14,0.24,Real,2023-06-12 14:00:00
2023-06-12,15,0.723,Real,2023-06-12 15:00:00
2023-06-12,16,0.244,Real,2023-06-12 16:00:00
2023-06-12,17,0.206,Real,2023-06-12 17:00:00
2023-06-12,18,0.265,Real,2023-06-12 18:00:00
2023-06-12,19,0.276,Real,2023-06-12 19:00:00
2023-06-12,20,0.562,Real,2023-06-12 20:00:00
2023-06-12,21,1.039,Real,2023-06-12 21:00:00
2023-06-12,22,1.066,Real,2023-06-12 22:00:00
2023-06-12,23,0.541,Real,2023-06-12 23:00:00
2023-06-12,24,0.775,Real,2023-06-13 00:00:00
2023-06-13,1,0.263,Real,2023-06-13 01:00:00
2023-06-13,2,0.14,Real,2023-06-13 02:00:00
2023-06-13,3,0.041,Real,2023-06-13 03:00:00
2023-06-13,4,0.04,Real,2023-06-13 04:00:00
2023-06-13,5,0.037,Real,2023-06-13 05:00:00
2023-06-13,6,0.033,Real,2023-06-13 06:00:00
2023-06-13,7,0.036,Real,2023-06-13 07:00:00
2023-06-13,8,0.04,Real,2023-06-13 08:00:00
2023-06-13,9,0.041,Real,2023-06-13 09:00:00
2023-06-13,10,0.122,Real,2023-06-13 10:00:00
2023-06-13,11,0.25,Real,2023-06-13 11:00:00
2023-06-13,12,0.238,Real,2023-06-13 12:00:00
2023-06-13,13,0.243,Real,2023-06-13 13:00:00
2023-06-13,14,0.243,Real,2023-06-13 14:00:00
2023-06-13,15,0.334,Real,2023-06-13 15:00:00
2023-06-13,16,0.249,Real,2023-06-13 16:00:00
2023-06-13,17,0.239,Real,2023-06-13 17:00:00
2023-06-13,18,0.249,Real,2023-06-13 18:00:00
2023-06-13,19,0.509,Real,2023-06-13 19:00:00
2023-06-13,20,1.139,Real,2023-06-13 20:00:00
2023-06-13,21,1.316,Real,2023-06-13 21:00:00
2023-06-13,22,0.927,Real,2023-06-13 22:00:00
2023-06-13,23,0.675,Real,2023-06-13 23:00:00
2023-06-13,24,0.666,Real,2023-06-14 00:00:00
2023-06-14,1,0.301,Real,2023-06-14 01:00:00
2023-06-14,2,0.241,Real,2023-06-14 02:00:00
2023-06-14,3,0.047,Real,2023-06-14 03:00:00
2023-06-14,4,0.037,Real,2023-06-14 04:00:00
2023-06-14,5,0.046,Real,2023-06-14 05:00:00
2023-06-14,6,0.034,Real,2023-06-14 06:00:00
2023-06-14,7,0.035,Real,2023-06-14 07:00:00
2023-06-14,8,0.044,Real,2023-06-14 08:00:00
2023-06-14,9,0.065,Real,2023-06-14 09:00:00
2023-06-14,10,0.04,Real,2023-06-14 10:00:00
2023-06-14,11,0.042,Real,2023-06-14 11:00:00
2023-06-14,12,0.029,Real,2023-06-14 12:00:00
2023-06-14,13,0.038,Real,2023-06-14 13:00:00
2023-06-14,14,0.042,Real,2023-06-14 14:00:00
2023-06-14,15,0.034,Real,2023-06-14 15:00:00
2023-06-14,16,0.883,Real,2023-06-14 16:00:00
2023-06-14,17,0.903,Real,2023-06-14 17:00:00
2023-06-14,18,0.739,Real,2023-06-14 18:00:00
2023-06-14,19,0.965,Real,2023-06-14 19:00:00
2023-06-14,20,1.132,Real,2023-06-14 20:00:00
2023-06-14,21,1.196,Real,2023-06-14 21:00:00
2023-06-14,22,0.732,Real,2023-06-14 22:00:00
2023-06-14,23,0.311,Real,2023-06-14 23:00:00
2023-06-14,24,0.276,Real,2023-06-15 00:00:00
2023-06-15,1,0.329,Real,2023-06-15 01:00:00
2023-06-15,2,0.297,Real,2023-06-15 02:00:00
2023-06-15,3,0.17,Real,2023-06-15 03:00:00
2023-06-15,4,0.041,Real,2023-06-15 04:00:00
2023-06-15,5,0.038,Real,2023-06-15 05:00:00
2023-06-15,6,0.037,Real,2023-06-15 06:00:00
2023-06-15,7,0.044,Real,2023-06-15 07:00:00
2023-06-15,8,0.04,Real,2023-06-15 08:00:00
2023-06-15,9,0.041,Real,2023-06-15 09:00:00
2023-06-15,10,0.161,Real,2023-06-15 10:00:00
2023-06-15,11,0.249,Real,2023-06-15 11:00:00
2023-06-15,12,0.293,Real,2023-06-15 12:00:00
2023-06-15,13,0.244,Real,2023-06-15 13:00:00
2023-06-15,14,0.237,Real,2023-06-15 14:00:00
2023-06-15,15,0.303,Real,2023-06-15 15:00:00
2023-06-15,16,0.583,Real,2023-06-15 16:00:00
2023-06-15,17,0.35,Real,2023-06-15 17:00:00
2023-06-15,18,1.113,Real,2023-06-15 18:00:00
2023-06-15,19,1.093,Real,2023-06-15 19:00:00
2023-06-15,20,1.085,Real,2023-06-15 20:00:00
2023-06-15,21,1.081,Real,2023-06-15 21:00:00
2023-06-15,22,1.036,Real,2023-06-15 22:00:00
2023-06-15,23,0.776,Real,2023-06-15 23:00:00
2023-06-15,24,0.803,Real,2023-06-16 00:00:00
2023-06-16,1,0.278,Real,2023-06-16 01:00:00
2023-06-16,2,0.086,Real,2023-06-16 02:00:00
2023-06-16,3,0.045,Real,2023-06-16 03:00:00
2023-06-16,4,0.036,Real,2023-06-16 04:00:00
2023-06-16,5,0.039,Real,2023-06-16 05:00:00
2023-06-16,6,0.042,Real,2023-06-16 06:00:00
2023-06-16,7,0.113,Real,2023-06-16 07:00:00
2023-06-16,8,0.039,Real,2023-06-16 08:00:00
2023-06-16,9,0.037,Real,2023-06-16 09:00:00
2023-06-16,10,0.049,Real,2023-06-16 10:00:00
2023-06-16,11,0.138,Real,2023-06-16 11:00:00
2023-06-16,12,0.376,Real,2023-06-16 12:00:00
2023-06-16,13,0.657,Real,2023-06-16 13:00:00
2023-06-16,14,0.664,Real,2023-06-16 14:00:00
2023-06-16,15,0.663,Real,2023-06-16 15:00:00
2023-06-16,16,0.498,Real,2023-06-16 16:00:00
2023-06-16,17,0.367,Real,2023-06-16 17:00:00
2023-06-16,18,0.656,Real,2023-06-16 18:00:00
2023-06-16,19,0.926,Real,2023-06-16 19:00:00
2023-06-16,20,1.501,Real,2023-06-16 20:00:00
2023-06-16,21,1.444,Real,2023-06-16 21:00:00
2023-06-16,22,1.374,Real,2023-06-16 22:00:00
2023-06-16,23,0.35,Real,2023-06-16 23:00:00
2023-06-16,24,1.033,Real,2023-06-17 00:00:00
2023-06-17,1,0.336,Real,2023-06-17 01:00:00
2023-06-17,2,0.474,Real,2023-06-17 02:00:00
2023-06-17,3,0.136,Real,2023-06-17 03:00:00
2023-06-17,4,0.057,Real,2023-06-17 04:00:00
2023-06-17,5,0.051,Real,2023-06-17 05:00:00
2023-06-17,6,0.043,Real,2023-06-17 06:00:00
2023-06-17,7,0.04,Real,2023-06-17 07:00:00
2023-06-17,8,0.044,Real,2023-06-17 08:00:00
2023-06-17,9,0.035,Real,2023-06-17 09:00:00
2023-06-17,10,0.038,Real,2023-06-17 10:00:00
2023-06-17,11,0.163,Real,2023-06-17 11:00:00
2023-06-17,12,0.269,Real,2023-06-17 12:00:00
2023-06-17,13,0.258,Real,2023-06-17 13:00:00
2023-06-17,14,0.279,Real,2023-06-17 14:00:00
2023-06-17,15,0.62,Real,2023-06-17 15:00:00
2023-06-17,16,0.246,Real,2023-06-17 16:00:00
2023-06-17,17,0.167,Real,2023-06-17 17:00:00
2023-06-17,18,0.036,Real,2023-06-17 18:00:00
2023-06-17,19,0.048,Real,2023-06-17 19:00:00
2023-06-17,20,0.042,Real,2023-06-17 20:00:00
2023-06-17,21,0.033,Real,2023-06-17 21:00:00
2023-06-17,22,0.05,Real,2023-06-17 22:00:00
2023-06-17,23,0.042,Real,2023-06-17 23:00:00
2023-06-17,24,0.037,Real,2023-06-18 00:00:00
2023-06-18,1,0.045,Real,2023-06-18 01:00:00
2023-06-18,2,0.032,Real,2023-06-18 02:00:00
2023-06-18,3,0.042,Real,2023-06-18 03:00:00
2023-06-18,4,0.046,Real,2023-06-18 04:00:00
2023-06-18,5,0.035,Real,2023-06-18 05:00:00
2023-06-18,6,0.047,Real,2023-06-18 06:00:00
2023-06-18,7,0.034,Real,2023-06-18 07:00:00
2023-06-18,8,0.042,Real,2023-06-18 08:00:00
2023-06-18,9,0.042,Real,2023-06-18 09:00:00
2023-06-18,10,0.03,Real,2023-06-18 10:00:00
2023-06-18,11,0.067,Real,2023-06-18 11:00:00
2023-06-18,12,0.096,Real,2023-06-18 12:00:00
2023-06-18,13,0.041,Real,2023-06-18 13:00:00
2023-06-18,14,0.037,Real,2023-06-18 14:00:00
2023-06-18,15,0.044,Real,2023-06-18 15:00:00
2023-06-18,16,0.05,Real,2023-06-18 16:00:00
2023-06-18,17,0.93,Real,2023-06-18 17:00:00
2023-06-18,18,0.301,Real,2023-06-18 18:00:00
2023-06-18,19,0.309,Real,2023-06-18 19:00:00
2023-06-18,20,0.354,Real,2023-06-18 20:00:00
2023-06-18,21,0.791,Real,2023-06-18 21:00:00
2023-06-18,22,1.315,Real,2023-06-18 22:00:00
2023-06-18,23,1.289,Real,2023-06-18 23:00:00
2023-06-18,24,0.991,Real,2023-06-19 00:00:00
2023-06-19,1,0.603,Real,2023-06-19 01:00:00
2023-06-19,2,0.187,Real,2023-06-19 02:00:00
2023-06-19,3,0.049,Real,2023-06-19 03:00:00
2023-06-19,4,0.046,Real,2023-06-19 04:00:00
2023-06-19,5,0.039,Real,2023-06-19 05:00:00
2023-06-19,6,0.046,Real,2023-06-19 06:00:00
2023-06-19,7,0.037,Real,2023-06-19 07:00:00
2023-06-19,8,0.036,Real,2023-06-19 08:00:00
2023-06-19,9,0.046,Real,2023-06-19 09:00:00
2023-06-19,10,0.136,Real,2023-06-19 10:00:00
2023-06-19,11,0.238,Real,2023-06-19 11:00:00
2023-06-19,12,0.257,Real,2023-06-19 12:00:00
2023-06-19,13,0.249,Real,2023-06-19 13:00:00
2023-06-19,14,0.267,Real,2023-06-19 14:00:00
2023-06-19,15,0.337,Real,2023-06-19 15:00:00
2023-06-19,16,0.254,Real,2023-06-19 16:00:00
2023-06-19,17,0.266,Real,2023-06-19 17:00:00
2023-06-19,18,0.356,Real,2023-06-19 18:00:00
2023-06-19,19,0.338,Real,2023-06-19 19:00:00
2023-06-19,20,0.344,Real,2023-06-19 20:00:00
2023-06-19,21,0.341,Real,2023-06-19 21:00:00
2023-06-19,22,0.341,Real,2023-06-19 22:00:00
2023-06-19,23,0.635,Real,2023-06-19 23:00:00
2023-06-19,24,0.361,Real,2023-06-20 00:00:00
2023-06-20,1,0.47,Real,2023-06-20 01:00:00
2023-06-20,2,0.209,Real,2023-06-20 02:00:00
2023-06-20,3,0.136,Real,2023-06-20 03:00:00
2023-06-20,4,0.136,Real,2023-06-20 04:00:00
2023-06-20,5,0.127,Real,2023-06-20 05:00:00
2023-06-20,6,0.138,Real,2023-06-20 06:00:00
2023-06-20,7,0.128,Real,2023-06-20 07:00:00
2023-06-20,8,0.132,Real,2023-06-20 08:00:00
2023-06-20,9,0.163,Real,2023-06-20 09:00:00
2023-06-20,10,0.126,Real,2023-06-20 10:00:00
2023-06-20,11,0.134,Real,2023-06-20 11:00:00
2023-06-20,12,0.09,Real,2023-06-20 12:00:00
2023-06-20,13,0.051,Real,2023-06-20 13:00:00
2023-06-20,14,0.049,Real,2023-06-20 14:00:00
2023-06-20,15,0.046,Real,2023-06-20 15:00:00
2023-06-20,16,0.051,Real,2023-06-20 16:00:00
2023-06-20,17,0.042,Real,2023-06-20 17:00:00
2023-06-20,18,0.055,Real,2023-06-20 18:00:00
2023-06-20,19,0.768,Real,2023-06-20 19:00:00
2023-06-20,20,1.086,Real,2023-06-20 20:00:00
2023-06-20,21,0.879,Real,2023-06-20 21:00:00
2023-06-20,22,0.537,Real,2023-06-20 22:00:00
2023-06-20,23,0.513,Real,2023-06-20 23:00:00
2023-06-20,24,0.382,Real,2023-06-21 00:00:00
2023-06-21,1,0.275,Real,2023-06-21 01:00:00
2023-06-21,2,0.236,Real,2023-06-21 02:00:00
2023-06-21,3,0.05,Real,2023-06-21 03:00:00
2023-06-21,4,0.039,Real,2023-06-21 04:00:00
2023-06-21,5,0.04,Real,2023-06-21 05:00:00
2023-06-21,6,0.045,Real,2023-06-21 06:00:00
2023-06-21,7,0.04,Real,2023-06-21 07:00:00
2023-06-21,8,0.036,Real,2023-06-21 08:00:00
2023-06-21,9,0.045,Real,2023-06-21 09:00:00
2023-06-21,10,0.176,Real,2023-06-21 10:00:00
2023-06-21,11,0.243,Real,2023-06-21 11:00:00
2023-06-21,12,0.251,Real,2023-06-21 12:00:00
2023-06-21,13,0.325,Real,2023-06-21 13:00:00
2023-06-21,14,0.283,Real,2023-06-21 14:00:00
2023-06-21,15,0.428,Real,2023-06-21 15:00:00
2023-06-21,16,0.345,Real,2023-06-21 16:00:00
2023-06-21,17,0.304,Real,2023-06-21 17:00:00
2023-06-21,18,0.366,Real,2023-06-21 18:00:00
2023-06-21,19,0.385,Real,2023-06-21 19:00:00
2023-06-21,20,0.359,Real,2023-06-21 20:00:00
2023-06-21,21,0.186,Real,2023-06-21 21:00:00
2023-06-21,22,0.134,Real,2023-06-21 22:00:00
2023-06-21,23,0.145,Real,2023-06-21 23:00:00
2023-06-21,24,0.129,Real,2023-06-22 00:00:00
2023-06-22,1,0.258,Real,2023-06-22 01:00:00
2023-06-22,2,0.269,Real,2023-06-22 02:00:00
2023-06-22,3,0.118,Real,2023-06-22 03:00:00
2023-06-22,4,0.042,Real,2023-06-22 04:00:00
2023-06-22,5,0.035,Real,2023-06-22 05:00:00
2023-06-22,6,0.047,Real,2023-06-22 06:00:00
2023-06-22,7,0.037,Real,2023-06-22 07:00:00
2023-06-22,8,0.047,Real,2023-06-22 08:00:00
2023-06-22,9,0.033,Real,2023-06-22 09:00:00
2023-06-22,10,0.187,Real,2023-06-22 10:00:00
2023-06-22,11,0.312,Real,2023-06-22 11:00:00
2023-06-22,12,0.277,Real,2023-06-22 12:00:00
2023-06-22,13,0.246,Real,2023-06-22 13:00:00
2023-06-22,14,0.2,Real,2023-06-22 14:00:00
2023-06-22,15,0.348,Real,2023-06-22 15:00:00
2023-06-22,16,0.287,Real,2023-06-22 16:00:00
2023-06-22,17,0.3,Real,2023-06-22 17:00:00
2023-06-22,18,0.281,Real,2023-06-22 18:00:00
2023-06-22,19,1.056,Real,2023-06-22 19:00:00
2023-06-22,20,1.339,Real,2023-06-22 20:00:00
2023-06-22,21,0.965,Real,2023-06-22 21:00:00
2023-06-22,22,0.754,Real,2023-06-22 22:00:00
2023-06-22,23,0.496,Real,2023-06-22 23:00:00
2023-06-22,24,0.425,Real,2023-06-23 00:00:00
2023-06-23,1,0.277,Real,2023-06-23 01:00:00
2023-06-23,2,0.19,Real,2023-06-23 02:00:00
2023-06-23,3,0.059,Real,2023-06-23 03:00:00
2023-06-23,4,0.048,Real,2023-06-23 04:00:00
2023-06-23,5,0.036,Real,2023-06-23 05:00:00
2023-06-23,6,0.043,Real,2023-06-23 06:00:00
2023-06-23,7,0.047,Real,2023-06-23 07:00:00
2023-06-23,8,0.038,Real,2023-06-23 08:00:00
2023-06-23,9,0.044,Real,2023-06-23 09:00:00
2023-06-23,10,0.156,Real,2023-06-23 10:00:00
2023-06-23,11,0.272,Real,2023-06-23 11:00:00
2023-06-23,12,0.244,Real,2023-06-23 12:00:00
2023-06-23,13,0.257,Real,2023-06-23 13:00:00
2023-06-23,14,0.262,Real,2023-06-23 14:00:00
2023-06-23,15,0.365,Real,2023-06-23 15:00:00
2023-06-23,16,0.261,Real,2023-06-23 16:00:00
2023-06-23,17,0.24,Real,2023-06-23 17:00:00
2023-06-23,18,0.081,Real,2023-06-23 18:00:00
2023-06-23,19,0.041,Real,2023-06-23 19:00:00
2023-06-23,20,0.04,Real,2023-06-23 20:00:00
2023-06-23,21,0.04,Real,2023-06-23 21:00:00
2023-06-23,22,0.041,Real,2023-06-23 22:00:00
2023-06-23,23,0.041,Real,2023-06-23 23:00:00
2023-06-23,24,0.041,Real,2023-06-24 00:00:00
2023-06-24,1,0.042,Real,2023-06-24 01:00:00
2023-06-24,2,0.043,Real,2023-06-24 02:00:00
2023-06-24,3,0.041,Real,2023-06-24 03:00:00
2023-06-24,4,0.043,Real,2023-06-24 04:00:00
2023-06-24,5,0.041,Real,2023-06-24 05:00:00
2023-06-24,6,0.041,Real,2023-06-24 06:00:00
2023-06-24,7,0.042,Real,2023-06-24 07:00:00
2023-06-24,8,0.04,Real,2023-06-24 08:00:00
2023-06-24,9,0.041,Real,2023-06-24 09:00:00
2023-06-24,10,0.041,Real,2023-06-24 10:00:00
2023-06-24,11,0.041,Real,2023-06-24 11:00:00
2023-06-24,12,0.04,Real,2023-06-24 12:00:00
2023-06-24,13,0.04,Real,2023-06-24 13:00:00
2023-06-24,14,0.041,Real,2023-06-24 14:00:00
2023-06-24,15,0.041,Real,2023-06-24 15:00:00
2023-06-24,16,0.041,Real,2023-06-24 16:00:00
2023-06-24,17,0.04,Real,2023-06-24 17:00:00
2023-06-24,18,0.042,Real,2023-06-24 18:00:00
2023-06-24,19,0.04,Real,2023-06-24 19:00:00
2023-06-24,20,0.042,Real,2023-06-24 20:00:00
2023-06-24,21,0.711,Real,2023-06-24 21:00:00
2023-06-24,22,1.083,Real,2023-06-24 22:00:00
2023-06-24,23,1.117,Real,2023-06-24 23:00:00
2023-06-24,24,1.174,Real,2023-06-25 00:00:00
2023-06-25,1,0.379,Real,2023-06-25 01:00:00
2023-06-25,2,0.047,Real,2023-06-25 02:00:00
2023-06-25,3,0.051,Real,2023-06-25 03:00:00
2023-06-25,4,0.049,Real,2023-06-25 04:00:00
2023-06-25,5,0.044,Real,2023-06-25 05:00:00
2023-06-25,6,0.075,Real,2023-06-25 06:00:00
2023-06-25,7,0.084,Real,2023-06-25 07:00:00
2023-06-25,8,0.043,Real,2023-06-25 08:00:00
2023-06-25,9,0.044,Real,2023-06-25 09:00:00
2023-06-25,10,0.043,Real,2023-06-25 10:00:00
2023-06-25,11,0.043,Real,2023-06-25 11:00:00
2023-06-25,12,0.046,Real,2023-06-25 12:00:00
2023-06-25,13,0.303,Real,2023-06-25 13:00:00
2023-06-25,14,0.522,Real,2023-06-25 14:00:00
2023-06-25,15,1.35,Real,2023-06-25 15:00:00
2023-06-25,16,1.156,Real,2023-06-25 16:00:00
2023-06-25,17,1.357,Real,2023-06-25 17:00:00
2023-06-25,18,1.378,Real,2023-06-25 18:00:00
2023-06-25,19,1.376,Real,2023-06-25 19:00:00
2023-06-25,20,1.377,Real,2023-06-25 20:00:00
2023-06-25,21,1.166,Real,2023-06-25 21:00:00
2023-06-25,22,1.061,Real,2023-06-25 22:00:00
2023-06-25,23,0.98,Real,2023-06-25 23:00:00
2023-06-25,24,0.765,Real,2023-06-26 00:00:00
2023-06-26,1,1.033,Real,2023-06-26 01:00:00
2023-06-26,2,0.722,Real,2023-06-26 02:00:00
2023-06-26,3,0.383,Real,2023-06-26 03:00:00
2023-06-26,4,0.045,Real,2023-06-26 04:00:00
2023-06-26,5,0.044,Real,2023-06-26 05:00:00
2023-06-26,6,0.046,Real,2023-06-26 06:00:00
2023-06-26,7,0.048,Real,2023-06-26 07:00:00
2023-06-26,8,0.048,Real,2023-06-26 08:00:00
2023-06-26,9,0.217,Real,2023-06-26 09:00:00
2023-06-26,10,0.257,Real,2023-06-26 10:00:00
2023-06-26,11,0.27,Real,2023-06-26 11:00:00
2023-06-26,12,0.275,Real,2023-06-26 12:00:00
2023-06-26,13,0.264,Real,2023-06-26 13:00:00
2023-06-26,14,0.241,Real,2023-06-26 14:00:00
2023-06-26,15,0.35,Real,2023-06-26 15:00:00
2023-06-26,16,0.278,Real,2023-06-26 16:00:00
2023-06-26,17,0.872,Real,2023-06-26 17:00:00
2023-06-26,18,1.126,Real,2023-06-26 18:00:00
2023-06-26,19,1.117,Real,2023-06-26 19:00:00
2023-06-26,20,0.46,Real,2023-06-26 20:00:00
2023-06-26,21,0.047,Real,2023-06-26 21:00:00
2023-06-26,22,0.046,Real,2023-06-26 22:00:00
2023-06-26,23,0.046,Real,2023-06-26 23:00:00
2023-06-26,24,0.046,Real,2023-06-27 00:00:00
2023-06-27,1,0.099,Real,2023-06-27 01:00:00
2023-06-27,2,0.279,Real,2023-06-27 02:00:00
2023-06-27,3,0.049,Real,2023-06-27 03:00:00
2023-06-27,4,0.051,Real,2023-06-27 04:00:00
2023-06-27,5,0.048,Real,2023-06-27 05:00:00
2023-06-27,6,0.048,Real,2023-06-27 06:00:00
2023-06-27,7,0.047,Real,2023-06-27 07:00:00
2023-06-27,8,0.049,Real,2023-06-27 08:00:00
2023-06-27,9,0.055,Real,2023-06-27 09:00:00
2023-06-27,10,0.044,Real,2023-06-27 10:00:00
2023-06-27,11,0.042,Real,2023-06-27 11:00:00
2023-06-27,12,0.042,Real,2023-06-27 12:00:00
2023-06-27,13,0.04,Real,2023-06-27 13:00:00
2023-06-27,14,0.042,Real,2023-06-27 14:00:00
2023-06-27,15,0.041,Real,2023-06-27 15:00:00
2023-06-27,16,0.496,Real,2023-06-27 16:00:00
2023-06-27,17,1.148,Real,2023-06-27 17:00:00
2023-06-27,18,1.144,Real,2023-06-27 18:00:00
2023-06-27,19,1.125,Real,2023-06-27 19:00:00
2023-06-27,20,1.086,Real,2023-06-27 20:00:00
2023-06-27,21,0.225,Real,2023-06-27 21:00:00
2023-06-27,22,1.108,Real,2023-06-27 22:00:00
2023-06-27,23,1.145,Real,2023-06-27 23:00:00
2023-06-27,24,1.118,Real,2023-06-28 00:00:00
2023-06-28,1,1.089,Real,2023-06-28 01:00:00
2023-06-28,2,0.35,Real,2023-06-28 02:00:00
2023-06-28,3,0.053,Real,2023-06-28 03:00:00
2023-06-28,4,0.051,Real,2023-06-28 04:00:00
2023-06-28,5,0.051,Real,2023-06-28 05:00:00
2023-06-28,6,0.049,Real,2023-06-28 06:00:00
2023-06-28,7,0.05,Real,2023-06-28 07:00:00
2023-06-28,8,0.049,Real,2023-06-28 08:00:00
2023-06-28,9,0.054,Real,2023-06-28 09:00:00
2023-06-28,10,0.04,Real,2023-06-28 10:00:00
2023-06-28,11,0.041,Real,2023-06-28 11:00:00
2023-06-28,12,0.041,Real,2023-06-28 12:00:00
2023-06-28,13,0.045,Real,2023-06-28 13:00:00
2023-06-28,14,0.044,Real,2023-06-28 14:00:00
2023-06-28,15,0.045,Real,2023-06-28 15:00:00
2023-06-28,16,1.529,Real,2023-06-28 16:00:00
2023-06-28,17,1.131,Real,2023-06-28 17:00:00
2023-06-28,18,1.111,Real,2023-06-28 18:00:00
2023-06-28,19,1.096,Real,2023-06-28 19:00:00
2023-06-28,20,1.091,Real,2023-06-28 20:00:00
2023-06-28,21,1.081,Real,2023-06-28 21:00:00
2023-06-28,22,1.095,Real,2023-06-28 22:00:00
2023-06-28,23,1.102,Real,2023-06-28 23:00:00
2023-06-28,24,1.065,Real,2023-06-29 00:00:00
2023-06-29,1,1.151,Real,2023-06-29 01:00:00
2023-06-29,2,0.14,Real,2023-06-29 02:00:00
2023-06-29,3,0.09,Real,2023-06-29 03:00:00
2023-06-29,4,0.088,Real,2023-06-29 04:00:00
2023-06-29,5,0.061,Real,2023-06-29 05:00:00
2023-06-29,6,0.054,Real,2023-06-29 06:00:00
2023-06-29,7,0.055,Real,2023-06-29 07:00:00
2023-06-29,8,0.046,Real,2023-06-29 08:00:00
2023-06-29,9,0.044,Real,2023-06-29 09:00:00
2023-06-29,10,0.239,Real,2023-06-29 10:00:00
2023-06-29,11,0.347,Real,2023-06-29 11:00:00
2023-06-29,12,0.363,Real,2023-06-29 12:00:00
2023-06-29,13,0.371,Real,2023-06-29 13:00:00
2023-06-29,14,0.252,Real,2023-06-29 14:00:00
2023-06-29,15,0.621,Real,2023-06-29 15:00:00
2023-06-29,16,0.247,Real,2023-06-29 16:00:00
2023-06-29,17,0.252,Real,2023-06-29 17:00:00
2023-06-29,18,0.23,Real,2023-06-29 18:00:00
2023-06-29,19,0.243,Real,2023-06-29 19:00:00
2023-06-29,20,0.107,Real,2023-06-29 20:00:00
2023-06-29,21,0.038,Real,2023-06-29 21:00:00
2023-06-29,22,0.038,Real,2023-06-29 22:00:00
2023-06-29,23,0.039,Real,2023-06-29 23:00:00
2023-06-29,24,0.041,Real,2023-06-30 00:00:00
2023-06-30,1,0.065,Real,2023-06-30 01:00:00
2023-06-30,2,0.304,Real,2023-06-30 02:00:00
2023-06-30,3,0.083,Real,2023-06-30 03:00:00
2023-06-30,4,0.038,Real,2023-06-30 04:00:00
2023-06-30,5,0.043,Real,2023-06-30 05:00:00
2023-06-30,6,0.045,Real,2023-06-30 06:00:00
2023-06-30,7,0.039,Real,2023-06-30 07:00:00
2023-06-30,8,0.036,Real,2023-06-30 08:00:00
2023-06-30,9,0.039,Real,2023-06-30 09:00:00
2023-06-30,10,0.164,Real,2023-06-30 10:00:00
2023-06-30,11,0.244,Real,2023-06-30 11:00:00
2023-06-30,12,0.26,Real,2023-06-30 12:00:00
2023-06-30,13,0.299,Real,2023-06-30 13:00:00
2023-06-30,14,0.286,Real,2023-06-30 14:00:00
2023-06-30,15,0.273,Real,2023-06-30 15:00:00
2023-06-30,16,0.26,Real,2023-06-30 16:00:00
2023-06-30,17,0.79,Real,2023-06-30 17:00:00
2023-06-30,18,0.243,Real,2023-06-30 18:00:00
2023-06-30,19,0.268,Real,2023-06-30 19:00:00
2023-06-30,20,0.991,Real,2023-06-30 20:00:00
2023-06-30,21,0.876,Real,2023-06-30 21:00:00
2023-06-30,22,0.711,Real,2023-06-30 22:00:00
2023-06-30,23,0.855,Real,2023-06-30 23:00:00
2023-06-30,24,0.616,Real,2023-07-01 00:00:00
2023-07-01,1,0.712,Real,2023-07-01 01:00:00
2023-07-01,2,0.884,Real,2023-07-01 02:00:00
2023-07-01,3,0.567,Real,2023-07-01 03:00:00
2023-07-01,4,0.05,Real,2023-07-01 04:00:00
2023-07-01,5,0.044,Real,2023-07-01 05:00:00
2023-07-01,6,0.045,Real,2023-07-01 06:00:00
2023-07-01,7,0.043,Real,2023-07-01 07:00:00
2023-07-01,8,0.04,Real,2023-07-01 08:00:00
2023-07-01,9,0.037,Real,2023-07-01 09:00:00
2023-07-01,10,0.042,Real,2023-07-01 10:00:00
2023-07-01,11,0.043,Real,2023-07-01 11:00:00
2023-07-01,12,0.039,Real,2023-07-01 12:00:00
2023-07-01,13,0.207,Real,2023-07-01 13:00:00
2023-07-01,14,0.244,Real,2023-07-01 14:00:00
2023-07-01,15,0.657,Real,2023-07-01 15:00:00
2023-07-01,16,1.008,Real,2023-07-01 16:00:00
2023-07-01,17,0.536,Real,2023-07-01 17:00:00
2023-07-01,18,0.768,Real,2023-07-01 18:00:00
2023-07-01,19,0.831,Real,2023-07-01 19:00:00
2023-07-01,20,0.393,Real,2023-07-01 20:00:00
2023-07-01,21,1.309,Real,2023-07-01 21:00:00
2023-07-01,22,1.418,Real,2023-07-01 22:00:00
2023-07-01,23,1.348,Real,2023-07-01 23:00:00
2023-07-01,24,1.06,Real,2023-07-02 00:00:00
2023-07-02,1,0.709,Real,2023-07-02 01:00:00
2023-07-02,2,0.761,Real,2023-07-02 02:00:00
2023-07-02,3,0.645,Real,2023-07-02 03:00:00
2023-07-02,4,0.172,Real,2023-07-02 04:00:00
2023-07-02,5,0.042,Real,2023-07-02 05:00:00
2023-07-02,6,0.044,Real,2023-07-02 06:00:00
2023-07-02,7,0.045,Real,2023-07-02 07:00:00
2023-07-02,8,0.043,Real,2023-07-02 08:00:00
2023-07-02,9,0.041,Real,2023-07-02 09:00:00
2023-07-02,10,0.043,Real,2023-07-02 10:00:00
2023-07-02,11,0.04,Real,2023-07-02 11:00:00
2023-07-02,12,0.043,Real,2023-07-02 12:00:00
2023-07-02,13,0.099,Real,2023-07-02 13:00:00
2023-07-02,14,0.302,Real,2023-07-02 14:00:00
2023-07-02,15,0.529,Real,2023-07-02 15:00:00
2023-07-02,16,0.522,Real,2023-07-02 16:00:00
2023-07-02,17,1.145,Real,2023-07-02 17:00:00
2023-07-02,18,1.772,Real,2023-07-02 18:00:00
2023-07-02,19,1.43,Real,2023-07-02 19:00:00
2023-07-02,20,1.403,Real,2023-07-02 20:00:00
2023-07-02,21,1.132,Real,2023-07-02 21:00:00
2023-07-02,22,1.106,Real,2023-07-02 22:00:00
2023-07-02,23,1.103,Real,2023-07-02 23:00:00
2023-07-02,24,1.155,Real,2023-07-03 00:00:00
2023-07-03,1,1.044,Real,2023-07-03 01:00:00
2023-07-03,2,1.046,Real,2023-07-03 02:00:00
2023-07-03,3,0.193,Real,2023-07-03 03:00:00
2023-07-03,4,0.044,Real,2023-07-03 04:00:00
2023-07-03,5,0.045,Real,2023-07-03 05:00:00
2023-07-03,6,0.045,Real,2023-07-03 06:00:00
2023-07-03,7,0.044,Real,2023-07-03 07:00:00
2023-07-03,8,0.048,Real,2023-07-03 08:00:00
2023-07-03,9,0.089,Real,2023-07-03 09:00:00
2023-07-03,10,0.281,Real,2023-07-03 10:00:00
2023-07-03,11,0.148,Real,2023-07-03 11:00:00
2023-07-03,12,0.03,Real,2023-07-03 12:00:00
2023-07-03,13,0.03,Real,2023-07-03 13:00:00
2023-07-03,14,0.032,Real,2023-07-03 14:00:00
2023-07-03,15,0.031,Real,2023-07-03 15:00:00
2023-07-03,16,0.031,Real,2023-07-03 16:00:00
2023-07-03,17,0.031,Real,2023-07-03 17:00:00
2023-07-03,18,0.03,Real,2023-07-03 18:00:00
2023-07-03,19,0.032,Real,2023-07-03 19:00:00
2023-07-03,20,0.032,Real,2023-07-03 20:00:00
2023-07-03,21,0.031,Real,2023-07-03 21:00:00
2023-07-03,22,0.03,Real,2023-07-03 22:00:00
2023-07-03,23,0.033,Real,2023-07-03 23:00:00
2023-07-03,24,0.031,Real,2023-07-04 00:00:00
2023-07-04,1,0.033,Real,2023-07-04 01:00:00
2023-07-04,2,0.033,Real,2023-07-04 02:00:00
2023-07-04,3,0.032,Real,2023-07-04 03:00:00
2023-07-04,4,0.03,Real,2023-07-04 04:00:00
2023-07-04,5,0.028,Real,2023-07-04 05:00:00
2023-07-04,6,0.031,Real,2023-07-04 06:00:00
2023-07-04,7,0.03,Real,2023-07-04 07:00:00
2023-07-04,8,0.034,Real,2023-07-04 08:00:00
2023-07-04,9,0.033,Real,2023-07-04 09:00:00
2023-07-04,10,0.033,Real,2023-07-04 10:00:00
2023-07-04,11,0.066,Real,2023-07-04 11:00:00
2023-07-04,12,0.055,Real,2023-07-04 12:00:00
2023-07-04,13,0.036,Real,2023-07-04 13:00:00
2023-07-04,14,0.034,Real,2023-07-04 14:00:00
2023-07-04,15,0.031,Real,2023-07-04 15:00:00
2023-07-04,16,0.036,Real,2023-07-04 16:00:00
2023-07-04,17,0.029,Real,2023-07-04 17:00:00
2023-07-04,18,0.03,Real,2023-07-04 18:00:00
2023-07-04,19,0.03,Real,2023-07-04 19:00:00
2023-07-04,20,0.037,Real,2023-07-04 20:00:00
2023-07-04,21,0.029,Real,2023-07-04 21:00:00
2023-07-04,22,0.031,Real,2023-07-04 22:00:00
2023-07-04,23,0.033,Real,2023-07-04 23:00:00
2023-07-04,24,0.033,Real,2023-07-05 00:00:00
2023-07-05,1,0.031,Real,2023-07-05 01:00:00
2023-07-05,2,0.033,Real,2023-07-05 02:00:00
2023-07-05,3,0.03,Real,2023-07-05 03:00:00
2023-07-05,4,0.03,Real,2023-07-05 04:00:00
2023-07-05,5,0.031,Real,2023-07-05 05:00:00
2023-07-05,6,0.03,Real,2023-07-05 06:00:00
2023-07-05,7,0.03,Real,2023-07-05 07:00:00
2023-07-05,8,0.031,Real,2023-07-05 08:00:00
2023-07-05,9,0.029,Real,2023-07-05 09:00:00
2023-07-05,10,0.031,Real,2023-07-05 10:00:00
2023-07-05,11,0.03,Real,2023-07-05 11:00:00
2023-07-05,12,0.03,Real,2023-07-05 12:00:00
2023-07-05,13,0.031,Real,2023-07-05 13:00:00
2023-07-05,14,0.031,Real,2023-07-05 14:00:00
2023-07-05,15,0.03,Real,2023-07-05 15:00:00
2023-07-05,16,0.031,Real,2023-07-05 16:00:00
2023-07-05,17,0.031,Real,2023-07-05 17:00:00
2023-07-05,18,0.03,Real,2023-07-05 18:00:00
2023-07-05,19,0.032,Real,2023-07-05 19:00:00
2023-07-05,20,0.031,Real,2023-07-05 20:00:00
2023-07-05,21,0.031,Real,2023-07-05 21:00:00
2023-07-05,22,0.032,Real,2023-07-05 22:00:00
2023-07-05,23,0.031,Real,2023-07-05 23:00:00
2023-07-05,24,0.031,Real,2023-07-06 00:00:00
2023-07-06,1,0.033,Real,2023-07-06 01:00:00
2023-07-06,2,0.032,Real,2023-07-06 02:00:00
2023-07-06,3,0.101,Real,2023-07-06 03:00:00
2023-07-06,4,0.031,Real,2023-07-06 04:00:00
2023-07-06,5,0.027,Real,2023-07-06 05:00:00
2023-07-06,6,0.029,Real,2023-07-06 06:00:00
2023-07-06,7,0.041,Real,2023-07-06 07:00:00
2023-07-06,8,0.031,Real,2023-07-06 08:00:00
2023-07-06,9,0.029,Real,2023-07-06 09:00:00
2023-07-06,10,0.029,Real,2023-07-06 10:00:00
2023-07-06,11,0.03,Real,2023-07-06 11:00:00
2023-07-06,12,0.032,Real,2023-07-06 12:00:00
2023-07-06,13,0.03,Real,2023-07-06 13:00:00
2023-07-06,14,0.032,Real,2023-07-06 14:00:00
2023-07-06,15,0.031,Real,2023-07-06 15:00:00
2023-07-06,16,0.031,Real,2023-07-06 16:00:00
2023-07-06,17,0.032,Real,2023-07-06 17:00:00
2023-07-06,18,0.03,Real,2023-07-06 18:00:00
2023-07-06,19,0.031,Real,2023-07-06 19:00:00
2023-07-06,20,0.03,Real,2023-07-06 20:00:00
2023-07-06,21,0.029,Real,2023-07-06 21:00:00
2023-07-06,22,0.031,Real,2023-07-06 22:00:00
2023-07-06,23,0.03,Real,2023-07-06 23:00:00
2023-07-06,24,0.031,Real,2023-07-07 00:00:00
2023-07-07,1,0.03,Real,2023-07-07 01:00:00
2023-07-07,2,0.031,Real,2023-07-07 02:00:00
2023-07-07,3,0.031,Real,2023-07-07 03:00:00
2023-07-07,4,0.029,Real,2023-07-07 04:00:00
2023-07-07,5,0.031,Real,2023-07-07 05:00:00
2023-07-07,6,0.031,Real,2023-07-07 06:00:00
2023-07-07,7,0.031,Real,2023-07-07 07:00:00
2023-07-07,8,0.031,Real,2023-07-07 08:00:00
2023-07-07,9,0.031,Real,2023-07-07 09:00:00
2023-07-07,10,0.031,Real,2023-07-07 10:00:00
2023-07-07,11,0.031,Real,2023-07-07 11:00:00
2023-07-07,12,0.029,Real,2023-07-07 12:00:00
2023-07-07,13,0.027,Real,2023-07-07 13:00:00
2023-07-07,14,0.029,Real,2023-07-07 14:00:00
2023-07-07,15,0.028,Real,2023-07-07 15:00:00
2023-07-07,16,0.031,Real,2023-07-07 16:00:00
2023-07-07,17,0.033,Real,2023-07-07 17:00:00
2023-07-07,18,0.239,Real,2023-07-07 18:00:00
2023-07-07,19,0.24,Real,2023-07-07 19:00:00
2023-07-07,20,0.253,Real,2023-07-07 20:00:00
2023-07-07,21,0.873,Real,2023-07-07 21:00:00
2023-07-07,22,0.929,Real,2023-07-07 22:00:00
2023-07-07,23,0.832,Real,2023-07-07 23:00:00
2023-07-07,24,0.741,Real,2023-07-08 00:00:00
2023-07-08,1,0.595,Real,2023-07-08 01:00:00
2023-07-08,2,0.037,Real,2023-07-08 02:00:00
2023-07-08,3,0.042,Real,2023-07-08 03:00:00
2023-07-08,4,0.042,Real,2023-07-08 04:00:00
2023-07-08,5,0.039,Real,2023-07-08 05:00:00
2023-07-08,6,0.041,Real,2023-07-08 06:00:00
2023-07-08,7,0.046,Real,2023-07-08 07:00:00
2023-07-08,8,0.046,Real,2023-07-08 08:00:00
2023-07-08,9,0.033,Real,2023-07-08 09:00:00
2023-07-08,10,0.047,Real,2023-07-08 10:00:00
2023-07-08,11,0.041,Real,2023-07-08 11:00:00
2023-07-08,12,0.037,Real,2023-07-08 12:00:00
2023-07-08,13,0.178,Real,2023-07-08 13:00:00
2023-07-08,14,0.242,Real,2023-07-08 14:00:00
2023-07-08,15,0.237,Real,2023-07-08 15:00:00
2023-07-08,16,0.285,Real,2023-07-08 16:00:00
2023-07-08,17,0.359,Real,2023-07-08 17:00:00
2023-07-08,18,0.288,Real,2023-07-08 18:00:00
2023-07-08,19,0.423,Real,2023-07-08 19:00:00
2023-07-08,20,1.365,Real,2023-07-08 20:00:00
2023-07-08,21,0.992,Real,2023-07-08 21:00:00
2023-07-08,22,0.933,Real,2023-07-08 22:00:00
2023-07-08,23,0.926,Real,2023-07-08 23:00:00
2023-07-08,24,0.61,Real,2023-07-09 00:00:00
2023-07-09,1,0.597,Real,2023-07-09 01:00:00
2023-07-09,2,0.765,Real,2023-07-09 02:00:00
2023-07-09,3,0.772,Real,2023-07-09 03:00:00
2023-07-09,4,0.308,Real,2023-07-09 04:00:00
2023-07-09,5,0.044,Real,2023-07-09 05:00:00
2023-07-09,6,0.094,Real,2023-07-09 06:00:00
2023-07-09,7,0.051,Real,2023-07-09 07:00:00
2023-07-09,8,0.047,Real,2023-07-09 08:00:00
2023-07-09,9,0.043,Real,2023-07-09 09:00:00
2023-07-09,10,0.048,Real,2023-07-09 10:00:00
2023-07-09,11,0.156,Real,2023-07-09 11:00:00
2023-07-09,12,0.422,Real,2023-07-09 12:00:00
2023-07-09,13,0.519,Real,2023-07-09 13:00:00
2023-07-09,14,0.51,Real,2023-07-09 14:00:00
2023-07-09,15,0.517,Real,2023-07-09 15:00:00
2023-07-09,16,1.434,Real,2023-07-09 16:00:00
2023-07-09,17,0.653,Real,2023-07-09 17:00:00
2023-07-09,18,0.363,Real,2023-07-09 18:00:00
2023-07-09,19,0.27,Real,2023-07-09 19:00:00
2023-07-09,20,0.96,Real,2023-07-09 20:00:00
2023-07-09,21,0.863,Real,2023-07-09 21:00:00
2023-07-09,22,0.85,Real,2023-07-09 22:00:00
2023-07-09,23,0.58,Real,2023-07-09 23:00:00
2023-07-09,24,0.625,Real,2023-07-10 00:00:00
2023-07-10,1,0.77,Real,2023-07-10 01:00:00
2023-07-10,2,0.568,Real,2023-07-10 02:00:00
2023-07-10,3,0.045,Real,2023-07-10 03:00:00
2023-07-10,4,0.049,Real,2023-07-10 04:00:00
2023-07-10,5,0.035,Real,2023-07-10 05:00:00
2023-07-10,6,0.042,Real,2023-07-10 06:00:00
2023-07-10,7,0.05,Real,2023-07-10 07:00:00
2023-07-10,8,0.033,Real,2023-07-10 08:00:00
2023-07-10,9,0.045,Real,2023-07-10 09:00:00
2023-07-10,10,0.202,Real,2023-07-10 10:00:00
2023-07-10,11,0.241,Real,2023-07-10 11:00:00
2023-07-10,12,0.275,Real,2023-07-10 12:00:00
2023-07-10,13,0.303,Real,2023-07-10 13:00:00
2023-07-10,14,0.246,Real,2023-07-10 14:00:00
2023-07-10,15,0.595,Real,2023-07-10 15:00:00
2023-07-10,16,0.945,Real,2023-07-10 16:00:00
2023-07-10,17,0.893,Real,2023-07-10 17:00:00
2023-07-10,18,0.929,Real,2023-07-10 18:00:00
2023-07-10,19,0.29,Real,2023-07-10 19:00:00
2023-07-10,20,1.327,Real,2023-07-10 20:00:00
2023-07-10,21,0.905,Real,2023-07-10 21:00:00
2023-07-10,22,1.128,Real,2023-07-10 22:00:00
2023-07-10,23,0.707,Real,2023-07-10 23:00:00
2023-07-10,24,0.577,Real,2023-07-11 00:00:00
2023-07-11,1,0.451,Real,2023-07-11 01:00:00
2023-07-11,2,0.177,Real,2023-07-11 02:00:00
2023-07-11,3,0.033,Real,2023-07-11 03:00:00
2023-07-11,4,0.051,Real,2023-07-11 04:00:00
2023-07-11,5,0.034,Real,2023-07-11 05:00:00
2023-07-11,6,0.047,Real,2023-07-11 06:00:00
2023-07-11,7,0.036,Real,2023-07-11 07:00:00
2023-07-11,8,0.044,Real,2023-07-11 08:00:00
2023-07-11,9,0.069,Real,2023-07-11 09:00:00
2023-07-11,10,0.056,Real,2023-07-11 10:00:00
2023-07-11,11,0.035,Real,2023-07-11 11:00:00
2023-07-11,12,0.051,Real,2023-07-11 12:00:00
2023-07-11,13,0.039,Real,2023-07-11 13:00:00
2023-07-11,14,0.042,Real,2023-07-11 14:00:00
2023-07-11,15,0.045,Real,2023-07-11 15:00:00
2023-07-11,16,0.069,Real,2023-07-11 16:00:00
2023-07-11,17,0.082,Real,2023-07-11 17:00:00
2023-07-11,18,0.206,Real,2023-07-11 18:00:00
2023-07-11,19,1.191,Real,2023-07-11 19:00:00
2023-07-11,20,0.972,Real,2023-07-11 20:00:00
2023-07-11,21,0.991,Real,2023-07-11 21:00:00
2023-07-11,22,0.669,Real,2023-07-11 22:00:00
2023-07-11,23,0.549,Real,2023-07-11 23:00:00
2023-07-11,24,0.508,Real,2023-07-12 00:00:00
2023-07-12,1,0.444,Real,2023-07-12 01:00:00
2023-07-12,2,0.435,Real,2023-07-12 02:00:00
2023-07-12,3,0.05,Real,2023-07-12 03:00:00
2023-07-12,4,0.042,Real,2023-07-12 04:00:00
2023-07-12,5,0.037,Real,2023-07-12 05:00:00
2023-07-12,6,0.048,Real,2023-07-12 06:00:00
2023-07-12,7,0.047,Real,2023-07-12 07:00:00
2023-07-12,8,0.04,Real,2023-07-12 08:00:00
2023-07-12,9,0.04,Real,2023-07-12 09:00:00
2023-07-12,10,0.221,Real,2023-07-12 10:00:00
2023-07-12,11,0.266,Real,2023-07-12 11:00:00
2023-07-12,12,0.251,Real,2023-07-12 12:00:00
2023-07-12,13,0.247,Real,2023-07-12 13:00:00
2023-07-12,14,0.261,Real,2023-07-12 14:00:00
2023-07-12,15,0.244,Real,2023-07-12 15:00:00
2023-07-12,16,0.774,Real,2023-07-12 16:00:00
2023-07-12,17,0.336,Real,2023-07-12 17:00:00
2023-07-12,18,0.27,Real,2023-07-12 18:00:00
2023-07-12,19,0.271,Real,2023-07-12 19:00:00
2023-07-12,20,0.309,Real,2023-07-12 20:00:00
2023-07-12,21,0.296,Real,2023-07-12 21:00:00
2023-07-12,22,0.226,Real,2023-07-12 22:00:00
2023-07-12,23,0.204,Real,2023-07-12 23:00:00
2023-07-12,24,0.431,Real,2023-07-13 00:00:00
2023-07-13,1,0.651,Real,2023-07-13 01:00:00
2023-07-13,2,0.085,Real,2023-07-13 02:00:00
2023-07-13,3,0.037,Real,2023-07-13 03:00:00
2023-07-13,4,0.045,Real,2023-07-13 04:00:00
2023-07-13,5,0.045,Real,2023-07-13 05:00:00
2023-07-13,6,0.042,Real,2023-07-13 06:00:00
2023-07-13,7,0.037,Real,2023-07-13 07:00:00
2023-07-13,8,0.044,Real,2023-07-13 08:00:00
2023-07-13,9,0.047,Real,2023-07-13 09:00:00
2023-07-13,10,0.155,Real,2023-07-13 10:00:00
2023-07-13,11,0.237,Real,2023-07-13 11:00:00
2023-07-13,12,0.258,Real,2023-07-13 12:00:00
2023-07-13,13,0.273,Real,2023-07-13 13:00:00
2023-07-13,14,0.239,Real,2023-07-13 14:00:00
2023-07-13,15,0.696,Real,2023-07-13 15:00:00
2023-07-13,16,0.326,Real,2023-07-13 16:00:00
2023-07-13,17,0.376,Real,2023-07-13 17:00:00
2023-07-13,18,1.187,Real,2023-07-13 18:00:00
2023-07-13,19,1.128,Real,2023-07-13 19:00:00
2023-07-13,20,0.951,Real,2023-07-13 20:00:00
2023-07-13,21,0.752,Real,2023-07-13 21:00:00
2023-07-13,22,0.728,Real,2023-07-13 22:00:00
2023-07-13,23,0.356,Real,2023-07-13 23:00:00
2023-07-13,24,0.211,Real,2023-07-14 00:00:00
2023-07-14,1,0.502,Real,2023-07-14 01:00:00
2023-07-14,2,0.944,Real,2023-07-14 02:00:00
2023-07-14,3,0.679,Real,2023-07-14 03:00:00
2023-07-14,4,0.066,Real,2023-07-14 04:00:00
2023-07-14,5,0.045,Real,2023-07-14 05:00:00
2023-07-14,6,0.046,Real,2023-07-14 06:00:00
2023-07-14,7,0.047,Real,2023-07-14 07:00:00
2023-07-14,8,0.04,Real,2023-07-14 08:00:00
2023-07-14,9,0.039,Real,2023-07-14 09:00:00
2023-07-14,10,0.042,Real,2023-07-14 10:00:00
2023-07-14,11,0.22,Real,2023-07-14 11:00:00
2023-07-14,12,0.216,Real,2023-07-14 12:00:00
2023-07-14,13,0.2,Real,2023-07-14 13:00:00
2023-07-14,14,0.228,Real,2023-07-14 14:00:00
2023-07-14,15,0.592,Real,2023-07-14 15:00:00
2023-07-14,16,0.213,Real,2023-07-14 16:00:00
2023-07-14,17,0.216,Real,2023-07-14 17:00:00
2023-07-14,18,0.209,Real,2023-07-14 18:00:00
2023-07-14,19,0.228,Real,2023-07-14 19:00:00
2023-07-14,20,0.201,Real,2023-07-14 20:00:00
2023-07-14,21,0.208,Real,2023-07-14 21:00:00
2023-07-14,22,0.211,Real,2023-07-14 22:00:00
2023-07-14,23,0.193,Real,2023-07-14 23:00:00
2023-07-14,24,0.119,Real,2023-07-15 00:00:00
2023-07-15,1,0.26,Real,2023-07-15 01:00:00
2023-07-15,2,0.75,Real,2023-07-15 02:00:00
2023-07-15,3,0.293,Real,2023-07-15 03:00:00
2023-07-15,4,0.049,Real,2023-07-15 04:00:00
2023-07-15,5,0.043,Real,2023-07-15 05:00:00
2023-07-15,6,0.045,Real,2023-07-15 06:00:00
2023-07-15,7,0.048,Real,2023-07-15 07:00:00
2023-07-15,8,0.044,Real,2023-07-15 08:00:00
2023-07-15,9,0.039,Real,2023-07-15 09:00:00
2023-07-15,10,0.042,Real,2023-07-15 10:00:00
2023-07-15,11,0.078,Real,2023-07-15 11:00:00
2023-07-15,12,0.127,Real,2023-07-15 12:00:00
2023-07-15,13,0.051,Real,2023-07-15 13:00:00
2023-07-15,14,0.033,Real,2023-07-15 14:00:00
2023-07-15,15,0.048,Real,2023-07-15 15:00:00
2023-07-15,16,0.039,Real,2023-07-15 16:00:00
2023-07-15,17,0.035,Real,2023-07-15 17:00:00
2023-07-15,18,0.045,Real,2023-07-15 18:00:00
2023-07-15,19,0.034,Real,2023-07-15 19:00:00
2023-07-15,20,0.04,Real,2023-07-15 20:00:00
2023-07-15,21,0.04,Real,2023-07-15 21:00:00
2023-07-15,22,0.85,Real,2023-07-15 22:00:00
2023-07-15,23,0.178,Real,2023-07-15 23:00:00
2023-07-15,24,0.323,Real,2023-07-16 00:00:00
2023-07-16,1,0.19,Real,2023-07-16 01:00:00
2023-07-16,2,0.07,Real,2023-07-16 02:00:00
2023-07-16,3,0.052,Real,2023-07-16 03:00:00
2023-07-16,4,0.053,Real,2023-07-16 04:00:00
2023-07-16,5,0.056,Real,2023-07-16 05:00:00
2023-07-16,6,0.05,Real,2023-07-16 06:00:00
2023-07-16,7,0.045,Real,2023-07-16 07:00:00
2023-07-16,8,0.039,Real,2023-07-16 08:00:00
2023-07-16,9,0.088,Real,2023-07-16 09:00:00
2023-07-16,10,0.046,Real,2023-07-16 10:00:00
2023-07-16,11,0.041,Real,2023-07-16 11:00:00
2023-07-16,12,0.039,Real,2023-07-16 12:00:00
2023-07-16,13,0.04,Real,2023-07-16 13:00:00
2023-07-16,14,0.036,Real,2023-07-16 14:00:00
2023-07-16,15,0.037,Real,2023-07-16 15:00:00
2023-07-16,16,0.044,Real,2023-07-16 16:00:00
2023-07-16,17,0.042,Real,2023-07-16 17:00:00
2023-07-16,18,0.037,Real,2023-07-16 18:00:00
2023-07-16,19,0.109,Real,2023-07-16 19:00:00
2023-07-16,20,0.041,Real,2023-07-16 20:00:00
2023-07-16,21,0.04,Real,2023-07-16 21:00:00
2023-07-16,22,0.035,Real,2023-07-16 22:00:00
2023-07-16,23,0.045,Real,2023-07-16 23:00:00
2023-07-16,24,0.04,Real,2023-07-17 00:00:00
2023-07-17,1,0.035,Real,2023-07-17 01:00:00
2023-07-17,2,0.042,Real,2023-07-17 02:00:00
2023-07-17,3,0.039,Real,2023-07-17 03:00:00
2023-07-17,4,0.041,Real,2023-07-17 04:00:00
2023-07-17,5,0.034,Real,2023-07-17 05:00:00
2023-07-17,6,0.044,Real,2023-07-17 06:00:00
2023-07-17,7,0.037,Real,2023-07-17 07:00:00
2023-07-17,8,0.041,Real,2023-07-17 08:00:00
2023-07-17,9,0.035,Real,2023-07-17 09:00:00
2023-07-17,10,0.044,Real,2023-07-17 10:00:00
2023-07-17,11,0.037,Real,2023-07-17 11:00:00
2023-07-17,12,0.039,Real,2023-07-17 12:00:00
2023-07-17,13,0.035,Real,2023-07-17 13:00:00
2023-07-17,14,0.041,Real,2023-07-17 14:00:00
2023-07-17,15,1.281,Real,2023-07-17 15:00:00
2023-07-17,16,1.238,Real,2023-07-17 16:00:00
2023-07-17,17,0.598,Real,2023-07-17 17:00:00
2023-07-17,18,0.635,Real,2023-07-17 18:00:00
2023-07-17,19,0.619,Real,2023-07-17 19:00:00
2023-07-17,20,0.645,Real,2023-07-17 20:00:00
2023-07-17,21,0.666,Real,2023-07-17 21:00:00
2023-07-17,22,0.67,Real,2023-07-17 22:00:00
2023-07-17,23,1.114,Real,2023-07-17 23:00:00
2023-07-17,24,0.725,Real,2023-07-18 00:00:00
2023-07-18,1,0.681,Real,2023-07-18 01:00:00
2023-07-18,2,0.177,Real,2023-07-18 02:00:00
2023-07-18,3,0.062,Real,2023-07-18 03:00:00
2023-07-18,4,0.045,Real,2023-07-18 04:00:00
2023-07-18,5,0.047,Real,2023-07-18 05:00:00
2023-07-18,6,0.042,Real,2023-07-18 06:00:00
2023-07-18,7,0.037,Real,2023-07-18 07:00:00
2023-07-18,8,0.045,Real,2023-07-18 08:00:00
2023-07-18,9,0.064,Real,2023-07-18 09:00:00
2023-07-18,10,0.047,Real,2023-07-18 10:00:00
2023-07-18,11,0.041,Real,2023-07-18 11:00:00
2023-07-18,12,0.038,Real,2023-07-18 12:00:00
2023-07-18,13,0.044,Real,2023-07-18 13:00:00
2023-07-18,14,0.041,Real,2023-07-18 14:00:00
2023-07-18,15,0.214,Real,2023-07-18 15:00:00
2023-07-18,16,0.782,Real,2023-07-18 16:00:00
2023-07-18,17,0.437,Real,2023-07-18 17:00:00
2023-07-18,18,0.365,Real,2023-07-18 18:00:00
2023-07-18,19,0.962,Real,2023-07-18 19:00:00
2023-07-18,20,0.992,Real,2023-07-18 20:00:00
2023-07-18,21,1.057,Real,2023-07-18 21:00:00
2023-07-18,22,1.064,Real,2023-07-18 22:00:00
2023-07-18,23,1.052,Real,2023-07-18 23:00:00
2023-07-18,24,0.712,Real,2023-07-19 00:00:00
2023-07-19,1,0.765,Real,2023-07-19 01:00:00
2023-07-19,2,0.49,Real,2023-07-19 02:00:00
2023-07-19,3,0.043,Real,2023-07-19 03:00:00
2023-07-19,4,0.044,Real,2023-07-19 04:00:00
2023-07-19,5,0.04,Real,2023-07-19 05:00:00
2023-07-19,6,0.042,Real,2023-07-19 06:00:00
2023-07-19,7,0.048,Real,2023-07-19 07:00:00
2023-07-19,8,0.039,Real,2023-07-19 08:00:00
2023-07-19,9,0.046,Real,2023-07-19 09:00:00
2023-07-19,10,0.039,Real,2023-07-19 10:00:00
2023-07-19,11,0.098,Real,2023-07-19 11:00:00
2023-07-19,12,0.059,Real,2023-07-19 12:00:00
2023-07-19,13,0.04,Real,2023-07-19 13:00:00
2023-07-19,14,0.048,Real,2023-07-19 14:00:00
2023-07-19,15,0.445,Real,2023-07-19 15:00:00
2023-07-19,16,1.15,Real,2023-07-19 16:00:00
2023-07-19,17,1.095,Real,2023-07-19 17:00:00
2023-07-19,18,1.046,Real,2023-07-19 18:00:00
2023-07-19,19,1.04,Real,2023-07-19 19:00:00
2023-07-19,20,1.151,Real,2023-07-19 20:00:00
2023-07-19,21,1.195,Real,2023-07-19 21:00:00
2023-07-19,22,0.872,Real,2023-07-19 22:00:00
2023-07-19,23,0.792,Real,2023-07-19 23:00:00
2023-07-19,24,0.728,Real,2023-07-20 00:00:00
2023-07-20,1,0.819,Real,2023-07-20 01:00:00
2023-07-20,2,0.467,Real,2023-07-20 02:00:00
2023-07-20,3,0.043,Real,2023-07-20 03:00:00
2023-07-20,4,0.05,Real,2023-07-20 04:00:00
2023-07-20,5,0.039,Real,2023-07-20 05:00:00
2023-07-20,6,0.037,Real,2023-07-20 06:00:00
2023-07-20,7,0.049,Real,2023-07-20 07:00:00
2023-07-20,8,0.046,Real,2023-07-20 08:00:00
2023-07-20,9,0.04,Real,2023-07-20 09:00:00
2023-07-20,10,0.235,Real,2023-07-20 10:00:00
2023-07-20,11,0.268,Real,2023-07-20 11:00:00
2023-07-20,12,0.236,Real,2023-07-20 12:00:00
2023-07-20,13,0.25,Real,2023-07-20 13:00:00
2023-07-20,14,0.184,Real,2023-07-20 14:00:00
2023-07-20,15,0.31,Real,2023-07-20 15:00:00
2023-07-20,16,0.258,Real,2023-07-20 16:00:00
2023-07-20,17,0.24,Real,2023-07-20 17:00:00
2023-07-20,18,0.247,Real,2023-07-20 18:00:00
2023-07-20,19,0.793,Real,2023-07-20 19:00:00
2023-07-20,20,1.209,Real,2023-07-20 20:00:00
2023-07-20,21,1.075,Real,2023-07-20 21:00:00
2023-07-20,22,0.858,Real,2023-07-20 22:00:00
2023-07-20,23,0.878,Real,2023-07-20 23:00:00
2023-07-20,24,0.686,Real,2023-07-21 00:00:00
2023-07-21,1,0.829,Real,2023-07-21 01:00:00
2023-07-21,2,0.129,Real,2023-07-21 02:00:00
2023-07-21,3,0.042,Real,2023-07-21 03:00:00
2023-07-21,4,0.038,Real,2023-07-21 04:00:00
2023-07-21,5,0.044,Real,2023-07-21 05:00:00
2023-07-21,6,0.048,Real,2023-07-21 06:00:00
2023-07-21,7,0.044,Real,2023-07-21 07:00:00
2023-07-21,8,0.038,Real,2023-07-21 08:00:00
2023-07-21,9,0.047,Real,2023-07-21 09:00:00
2023-07-21,10,0.593,Real,2023-07-21 10:00:00
2023-07-21,11,0.305,Real,2023-07-21 11:00:00
2023-07-21,12,0.251,Real,2023-07-21 12:00:00
2023-07-21,13,0.243,Real,2023-07-21 13:00:00
2023-07-21,14,0.265,Real,2023-07-21 14:00:00
2023-07-21,15,0.365,Real,2023-07-21 15:00:00
2023-07-21,16,0.182,Real,2023-07-21 16:00:00
2023-07-21,17,0.236,Real,2023-07-21 17:00:00
2023-07-21,18,0.25,Real,2023-07-21 18:00:00
2023-07-21,19,0.605,Real,2023-07-21 19:00:00
2023-07-21,20,1.057,Real,2023-07-21 20:00:00
2023-07-21,21,1.163,Real,2023-07-21 21:00:00
2023-07-21,22,0.976,Real,2023-07-21 22:00:00
2023-07-21,23,0.604,Real,2023-07-21 23:00:00
2023-07-21,24,0.584,Real,2023-07-22 00:00:00
2023-07-22,1,0.886,Real,2023-07-22 01:00:00
2023-07-22,2,0.916,Real,2023-07-22 02:00:00
2023-07-22,3,0.618,Real,2023-07-22 03:00:00
2023-07-22,4,0.045,Real,2023-07-22 04:00:00
2023-07-22,5,0.045,Real,2023-07-22 05:00:00
2023-07-22,6,0.045,Real,2023-07-22 06:00:00
2023-07-22,7,0.042,Real,2023-07-22 07:00:00
2023-07-22,8,0.038,Real,2023-07-22 08:00:00
2023-07-22,9,0.039,Real,2023-07-22 09:00:00
2023-07-22,10,0.038,Real,2023-07-22 10:00:00
2023-07-22,11,0.043,Real,2023-07-22 11:00:00
2023-07-22,12,0.051,Real,2023-07-22 12:00:00
2023-07-22,13,0.285,Real,2023-07-22 13:00:00
2023-07-22,14,0.476,Real,2023-07-22 14:00:00
2023-07-22,15,0.489,Real,2023-07-22 15:00:00
2023-07-22,16,0.934,Real,2023-07-22 16:00:00
2023-07-22,17,0.226,Real,2023-07-22 17:00:00
2023-07-22,18,0.866,Real,2023-07-22 18:00:00
2023-07-22,19,0.997,Real,2023-07-22 19:00:00
2023-07-22,20,1.042,Real,2023-07-22 20:00:00
2023-07-22,21,0.858,Real,2023-07-22 21:00:00
2023-07-22,22,0.485,Real,2023-07-22 22:00:00
2023-07-22,23,0.431,Real,2023-07-22 23:00:00
2023-07-22,24,0.417,Real,2023-07-23 00:00:00
2023-07-23,1,0.784,Real,2023-07-23 01:00:00
2023-07-23,2,0.443,Real,2023-07-23 02:00:00
2023-07-23,3,0.053,Real,2023-07-23 03:00:00
2023-07-23,4,0.045,Real,2023-07-23 04:00:00
2023-07-23,5,0.043,Real,2023-07-23 05:00:00
2023-07-23,6,0.041,Real,2023-07-23 06:00:00
2023-07-23,7,0.043,Real,2023-07-23 07:00:00
2023-07-23,8,0.046,Real,2023-07-23 08:00:00
2023-07-23,9,0.044,Real,2023-07-23 09:00:00
2023-07-23,10,0.044,Real,2023-07-23 10:00:00
2023-07-23,11,0.043,Real,2023-07-23 11:00:00
2023-07-23,12,0.042,Real,2023-07-23 12:00:00
2023-07-23,13,0.043,Real,2023-07-23 13:00:00
2023-07-23,14,0.039,Real,2023-07-23 14:00:00
2023-07-23,15,0.039,Real,2023-07-23 15:00:00
2023-07-23,16,0.04,Real,2023-07-23 16:00:00
2023-07-23,17,0.042,Real,2023-07-23 17:00:00
2023-07-23,18,0.043,Real,2023-07-23 18:00:00
2023-07-23,19,0.041,Real,2023-07-23 19:00:00
2023-07-23,20,0.038,Real,2023-07-23 20:00:00
2023-07-23,21,0.037,Real,2023-07-23 21:00:00
2023-07-23,22,0.038,Real,2023-07-23 22:00:00
2023-07-23,23,0.043,Real,2023-07-23 23:00:00
2023-07-23,24,0.469,Real,2023-07-24 00:00:00
2023-07-24,1,0.638,Real,2023-07-24 01:00:00
2023-07-24,2,0.198,Real,2023-07-24 02:00:00
2023-07-24,3,0.04,Real,2023-07-24 03:00:00
2023-07-24,4,0.047,Real,2023-07-24 04:00:00
2023-07-24,5,0.043,Real,2023-07-24 05:00:00
2023-07-24,6,0.035,Real,2023-07-24 06:00:00
2023-07-24,7,0.041,Real,2023-07-24 07:00:00
2023-07-24,8,0.045,Real,2023-07-24 08:00:00
2023-07-24,9,0.087,Real,2023-07-24 09:00:00
2023-07-24,10,0.068,Real,2023-07-24 10:00:00
2023-07-24,11,0.04,Real,2023-07-24 11:00:00
2023-07-24,12,0.043,Real,2023-07-24 12:00:00
2023-07-24,13,0.236,Real,2023-07-24 13:00:00
2023-07-24,14,0.247,Real,2023-07-24 14:00:00
2023-07-24,15,0.245,Real,2023-07-24 15:00:00
2023-07-24,16,0.824,Real,2023-07-24 16:00:00
2023-07-24,17,0.229,Real,2023-07-24 17:00:00
2023-07-24,18,0.305,Real,2023-07-24 18:00:00
2023-07-24,19,0.371,Real,2023-07-24 19:00:00
2023-07-24,20,0.638,Real,2023-07-24 20:00:00
2023-07-24,21,0.799,Real,2023-07-24 21:00:00
2023-07-24,22,0.448,Real,2023-07-24 22:00:00
2023-07-24,23,0.412,Real,2023-07-24 23:00:00
2023-07-24,24,0.428,Real,2023-07-25 00:00:00
2023-07-25,1,0.674,Real,2023-07-25 01:00:00
2023-07-25,2,0.679,Real,2023-07-25 02:00:00
2023-07-25,3,0.579,Real,2023-07-25 03:00:00
2023-07-25,4,0.073,Real,2023-07-25 04:00:00
2023-07-25,5,0.039,Real,2023-07-25 05:00:00
2023-07-25,6,0.036,Real,2023-07-25 06:00:00
2023-07-25,7,0.04,Real,2023-07-25 07:00:00
2023-07-25,8,0.044,Real,2023-07-25 08:00:00
2023-07-25,9,0.042,Real,2023-07-25 09:00:00
2023-07-25,10,0.043,Real,2023-07-25 10:00:00
2023-07-25,11,0.033,Real,2023-07-25 11:00:00
2023-07-25,12,0.08,Real,2023-07-25 12:00:00
2023-07-25,13,0.276,Real,2023-07-25 13:00:00
2023-07-25,14,0.472,Real,2023-07-25 14:00:00
2023-07-25,15,0.302,Real,2023-07-25 15:00:00
2023-07-25,16,0.381,Real,2023-07-25 16:00:00
2023-07-25,17,0.244,Real,2023-07-25 17:00:00
2023-07-25,18,0.057,Real,2023-07-25 18:00:00
2023-07-25,19,0.043,Real,2023-07-25 19:00:00
2023-07-25,20,0.04,Real,2023-07-25 20:00:00
2023-07-25,21,0.038,Real,2023-07-25 21:00:00
2023-07-25,22,0.042,Real,2023-07-25 22:00:00
2023-07-25,23,0.043,Real,2023-07-25 23:00:00
2023-07-25,24,0.042,Real,2023-07-26 00:00:00
2023-07-26,1,0.037,Real,2023-07-26 01:00:00
2023-07-26,2,0.041,Real,2023-07-26 02:00:00
2023-07-26,3,0.044,Real,2023-07-26 03:00:00
2023-07-26,4,0.043,Real,2023-07-26 04:00:00
2023-07-26,5,0.039,Real,2023-07-26 05:00:00
2023-07-26,6,0.037,Real,2023-07-26 06:00:00
2023-07-26,7,0.043,Real,2023-07-26 07:00:00
2023-07-26,8,0.037,Real,2023-07-26 08:00:00
2023-07-26,9,0.036,Real,2023-07-26 09:00:00
2023-07-26,10,0.044,Real,2023-07-26 10:00:00
2023-07-26,11,0.042,Real,2023-07-26 11:00:00
2023-07-26,12,0.042,Real,2023-07-26 12:00:00
2023-07-26,13,0.035,Real,2023-07-26 13:00:00
2023-07-26,14,0.043,Real,2023-07-26 14:00:00
2023-07-26,15,0.271,Real,2023-07-26 15:00:00
2023-07-26,16,0.691,Real,2023-07-26 16:00:00
2023-07-26,17,0.617,Real,2023-07-26 17:00:00
2023-07-26,18,0.688,Real,2023-07-26 18:00:00
2023-07-26,19,0.665,Real,2023-07-26 19:00:00
2023-07-26,20,0.678,Real,2023-07-26 20:00:00
2023-07-26,21,0.694,Real,2023-07-26 21:00:00
2023-07-26,22,0.851,Real,2023-07-26 22:00:00
2023-07-26,23,0.704,Real,2023-07-26 23:00:00
2023-07-26,24,0.434,Real,2023-07-27 00:00:00
2023-07-27,1,0.364,Real,2023-07-27 01:00:00
2023-07-27,2,0.053,Real,2023-07-27 02:00:00
2023-07-27,3,0.039,Real,2023-07-27 03:00:00
2023-07-27,4,0.039,Real,2023-07-27 04:00:00
2023-07-27,5,0.045,Real,2023-07-27 05:00:00
2023-07-27,6,0.046,Real,2023-07-27 06:00:00
2023-07-27,7,0.07,Real,2023-07-27 07:00:00
2023-07-27,8,0.05,Real,2023-07-27 08:00:00
2023-07-27,9,0.049,Real,2023-07-27 09:00:00
2023-07-27,10,0.039,Real,2023-07-27 10:00:00
2023-07-27,11,0.045,Real,2023-07-27 11:00:00
2023-07-27,12,0.04,Real,2023-07-27 12:00:00
2023-07-27,13,0.038,Real,2023-07-27 13:00:00
2023-07-27,14,0.047,Real,2023-07-27 14:00:00
2023-07-27,15,0.044,Real,2023-07-27 15:00:00
2023-07-27,16,0.035,Real,2023-07-27 16:00:00
2023-07-27,17,0.046,Real,2023-07-27 17:00:00
2023-07-27,18,0.036,Real,2023-07-27 18:00:00
2023-07-27,19,0.037,Real,2023-07-27 19:00:00
2023-07-27,20,0.656,Real,2023-07-27 20:00:00
2023-07-27,21,0.736,Real,2023-07-27 21:00:00
2023-07-27,22,0.704,Real,2023-07-27 22:00:00
2023-07-27,23,0.882,Real,2023-07-27 23:00:00
2023-07-27,24,0.729,Real,2023-07-28 00:00:00
2023-07-28,1,0.795,Real,2023-07-28 01:00:00
2023-07-28,2,0.293,Real,2023-07-28 02:00:00
2023-07-28,3,0.037,Real,2023-07-28 03:00:00
2023-07-28,4,0.05,Real,2023-07-28 04:00:00
2023-07-28,5,0.045,Real,2023-07-28 05:00:00
2023-07-28,6,0.04,Real,2023-07-28 06:00:00
2023-07-28,7,0.048,Real,2023-07-28 07:00:00
2023-07-28,8,0.035,Real,2023-07-28 08:00:00
2023-07-28,9,0.049,Real,2023-07-28 09:00:00
2023-07-28,10,0.195,Real,2023-07-28 10:00:00
2023-07-28,11,0.295,Real,2023-07-28 11:00:00
2023-07-28,12,0.223,Real,2023-07-28 12:00:00
2023-07-28,13,0.154,Real,2023-07-28 13:00:00
2023-07-28,14,0.181,Real,2023-07-28 14:00:00
2023-07-28,15,0.279,Real,2023-07-28 15:00:00
2023-07-28,16,0.247,Real,2023-07-28 16:00:00
2023-07-28,17,0.237,Real,2023-07-28 17:00:00
2023-07-28,18,0.269,Real,2023-07-28 18:00:00
2023-07-28,19,0.262,Real,2023-07-28 19:00:00
2023-07-28,20,0.845,Real,2023-07-28 20:00:00
2023-07-28,21,1.045,Real,2023-07-28 21:00:00
2023-07-28,22,0.841,Real,2023-07-28 22:00:00
2023-07-28,23,0.633,Real,2023-07-28 23:00:00
2023-07-28,24,0.474,Real,2023-07-29 00:00:00
2023-07-29,1,0.478,Real,2023-07-29 01:00:00
2023-07-29,2,0.884,Real,2023-07-29 02:00:00
2023-07-29,3,0.519,Real,2023-07-29 03:00:00
2023-07-29,4,0.04,Real,2023-07-29 04:00:00
2023-07-29,5,0.044,Real,2023-07-29 05:00:00
2023-07-29,6,0.039,Real,2023-07-29 06:00:00
2023-07-29,7,0.037,Real,2023-07-29 07:00:00
2023-07-29,8,0.037,Real,2023-07-29 08:00:00
2023-07-29,9,0.041,Real,2023-07-29 09:00:00
2023-07-29,10,0.042,Real,2023-07-29 10:00:00
2023-07-29,11,0.044,Real,2023-07-29 11:00:00
2023-07-29,12,0.194,Real,2023-07-29 12:00:00
2023-07-29,13,0.545,Real,2023-07-29 13:00:00
2023-07-29,14,0.544,Real,2023-07-29 14:00:00
2023-07-29,15,0.462,Real,2023-07-29 15:00:00
2023-07-29,16,0.222,Real,2023-07-29 16:00:00
2023-07-29,17,0.411,Real,2023-07-29 17:00:00
2023-07-29,18,0.552,Real,2023-07-29 18:00:00
2023-07-29,19,0.693,Real,2023-07-29 19:00:00
2023-07-29,20,1.048,Real,2023-07-29 20:00:00
2023-07-29,21,1.03,Real,2023-07-29 21:00:00
2023-07-29,22,0.704,Real,2023-07-29 22:00:00
2023-07-29,23,0.451,Real,2023-07-29 23:00:00
2023-07-29,24,0.955,Real,2023-07-30 00:00:00
2023-07-30,1,0.498,Real,2023-07-30 01:00:00
2023-07-30,2,0.554,Real,2023-07-30 02:00:00
2023-07-30,3,0.702,Real,2023-07-30 03:00:00
2023-07-30,4,0.04,Real,2023-07-30 04:00:00
2023-07-30,5,0.039,Real,2023-07-30 05:00:00
2023-07-30,6,0.036,Real,2023-07-30 06:00:00
2023-07-30,7,0.044,Real,2023-07-30 07:00:00
2023-07-30,8,0.045,Real,2023-07-30 08:00:00
2023-07-30,9,0.038,Real,2023-07-30 09:00:00
2023-07-30,10,0.044,Real,2023-07-30 10:00:00
2023-07-30,11,0.036,Real,2023-07-30 11:00:00
2023-07-30,12,0.099,Real,2023-07-30 12:00:00
2023-07-30,13,0.231,Real,2023-07-30 13:00:00
2023-07-30,14,0.213,Real,2023-07-30 14:00:00
2023-07-30,15,0.223,Real,2023-07-30 15:00:00
2023-07-30,16,0.21,Real,2023-07-30 16:00:00
2023-07-30,17,0.205,Real,2023-07-30 17:00:00
2023-07-30,18,0.516,Real,2023-07-30 18:00:00
2023-07-30,19,0.586,Real,2023-07-30 19:00:00
2023-07-30,20,0.909,Real,2023-07-30 20:00:00
2023-07-30,21,0.982,Real,2023-07-30 21:00:00
2023-07-30,22,0.963,Real,2023-07-30 22:00:00
2023-07-30,23,0.912,Real,2023-07-30 23:00:00
2023-07-30,24,0.466,Real,2023-07-31 00:00:00
2023-07-31,1,0.367,Real,2023-07-31 01:00:00
2023-07-31,2,0.285,Real,2023-07-31 02:00:00
2023-07-31,3,0.041,Real,2023-07-31 03:00:00
2023-07-31,4,0.045,Real,2023-07-31 04:00:00
2023-07-31,5,0.041,Real,2023-07-31 05:00:00
2023-07-31,6,0.036,Real,2023-07-31 06:00:00
2023-07-31,7,0.046,Real,2023-07-31 07:00:00
2023-07-31,8,0.039,Real,2023-07-31 08:00:00
2023-07-31,9,0.037,Real,2023-07-31 09:00:00
2023-07-31,10,0.166,Real,2023-07-31 10:00:00
2023-07-31,11,0.271,Real,2023-07-31 11:00:00
2023-07-31,12,0.249,Real,2023-07-31 12:00:00
2023-07-31,13,0.244,Real,2023-07-31 13:00:00
2023-07-31,14,0.218,Real,2023-07-31 14:00:00
2023-07-31,15,0.369,Real,2023-07-31 15:00:00
2023-07-31,16,0.265,Real,2023-07-31 16:00:00
2023-07-31,17,0.577,Real,2023-07-31 17:00:00
2023-07-31,18,0.806,Real,2023-07-31 18:00:00
2023-07-31,19,0.86,Real,2023-07-31 19:00:00
2023-07-31,20,0.658,Real,2023-07-31 20:00:00
2023-07-31,21,0.683,Real,2023-07-31 21:00:00
2023-07-31,22,0.509,Real,2023-07-31 22:00:00
2023-07-31,23,0.525,Real,2023-07-31 23:00:00
2023-07-31,24,0.525,Real,2023-08-01 00:00:00
2023-08-01,1,0.509,Real,2023-08-01 01:00:00
2023-08-01,2,0.353,Real,2023-08-01 02:00:00
2023-08-01,3,0.092,Real,2023-08-01 03:00:00
2023-08-01,4,0.073,Real,2023-08-01 04:00:00
2023-08-01,5,0.046,Real,2023-08-01 05:00:00
2023-08-01,6,0.045,Real,2023-08-01 06:00:00
2023-08-01,7,0.042,Real,2023-08-01 07:00:00
2023-08-01,8,0.041,Real,2023-08-01 08:00:00
2023-08-01,9,0.068,Real,2023-08-01 09:00:00
2023-08-01,10,0.045,Real,2023-08-01 10:00:00
2023-08-01,11,0.039,Real,2023-08-01 11:00:00
2023-08-01,12,0.04,Real,2023-08-01 12:00:00
2023-08-01,13,0.039,Real,2023-08-01 13:00:00
2023-08-01,14,0.043,Real,2023-08-01 14:00:00
2023-08-01,15,0.187,Real,2023-08-01 15:00:00
2023-08-01,16,0.24,Real,2023-08-01 16:00:00
2023-08-01,17,0.392,Real,2023-08-01 17:00:00
2023-08-01,18,0.661,Real,2023-08-01 18:00:00
2023-08-01,19,0.741,Real,2023-08-01 19:00:00
2023-08-01,20,0.708,Real,2023-08-01 20:00:00
2023-08-01,21,0.614,Real,2023-08-01 21:00:00
2023-08-01,22,0.504,Real,2023-08-01 22:00:00
2023-08-01,23,0.181,Real,2023-08-01 23:00:00
2023-08-01,24,0.447,Real,2023-08-02 00:00:00
2023-08-02,1,0.54,Real,2023-08-02 01:00:00
2023-08-02,2,0.291,Real,2023-08-02 02:00:00
2023-08-02,3,0.049,Real,2023-08-02 03:00:00
2023-08-02,4,0.041,Real,2023-08-02 04:00:00
2023-08-02,5,0.043,Real,2023-08-02 05:00:00
2023-08-02,6,0.046,Real,2023-08-02 06:00:00
2023-08-02,7,0.036,Real,2023-08-02 07:00:00
2023-08-02,8,0.042,Real,2023-08-02 08:00:00
2023-08-02,9,0.068,Real,2023-08-02 09:00:00
2023-08-02,10,0.039,Real,2023-08-02 10:00:00
2023-08-02,11,0.043,Real,2023-08-02 11:00:00
2023-08-02,12,0.082,Real,2023-08-02 12:00:00
2023-08-02,13,0.064,Real,2023-08-02 13:00:00
2023-08-02,14,0.04,Real,2023-08-02 14:00:00
2023-08-02,15,0.194,Real,2023-08-02 15:00:00
2023-08-02,16,0.26,Real,2023-08-02 16:00:00
2023-08-02,17,0.188,Real,2023-08-02 17:00:00
2023-08-02,18,0.242,Real,2023-08-02 18:00:00
2023-08-02,19,0.243,Real,2023-08-02 19:00:00
2023-08-02,20,0.626,Real,2023-08-02 20:00:00
2023-08-02,21,0.945,Real,2023-08-02 21:00:00
2023-08-02,22,0.43,Real,2023-08-02 22:00:00
2023-08-02,23,0.21,Real,2023-08-02 23:00:00
2023-08-02,24,0.7,Real,2023-08-03 00:00:00
