datetime,price
2024-01-01 00:00:00,0.12383
2024-01-01 01:00:00,0.11111
2024-01-01 02:00:00,0.11077
2024-01-01 03:00:00,0.10928
2024-01-01 04:00:00,0.11016
2024-01-01 05:00:00,0.11147
2024-01-01 06:00:00,0.10995
2024-01-01 07:00:00,0.10689
2024-01-01 08:00:00,0.10731
2024-01-01 09:00:00,0.10325
2024-01-01 10:00:00,0.07642
2024-01-01 11:00:00,0.0476
2024-01-01 12:00:00,0.0464
2024-01-01 13:00:00,0.04473
2024-01-01 14:00:00,0.04417
2024-01-01 15:00:00,0.05129
2024-01-01 16:00:00,0.06826
2024-01-01 17:00:00,0.0886
2024-01-01 18:00:00,0.09615
2024-01-01 19:00:00,0.10334
2024-01-01 20:00:00,0.1101
2024-01-01 21:00:00,0.11004
2024-01-01 22:00:00,0.09409
2024-01-01 23:00:00,0.08848
2024-01-02 00:00:00,0.09146
2024-01-02 01:00:00,0.07688
2024-01-02 02:00:00,0.0563
2024-01-02 03:00:00,0.06842
2024-01-02 04:00:00,0.06393
2024-01-02 05:00:00,0.06719
2024-01-02 06:00:00,0.08971
2024-01-02 07:00:00,0.09324
2024-01-02 08:00:00,0.12591
2024-01-02 09:00:00,0.12236
2024-01-02 10:00:00,0.16654
2024-01-02 11:00:00,0.16885
2024-01-02 12:00:00,0.16032
2024-01-02 13:00:00,0.15766
2024-01-02 14:00:00,0.10808
2024-01-02 15:00:00,0.10614
2024-01-02 16:00:00,0.10995
2024-01-02 17:00:00,0.12286
2024-01-02 18:00:00,0.17828
2024-01-02 19:00:00,0.18355
2024-01-02 20:00:00,0.17835
2024-01-02 21:00:00,0.17351
2024-01-02 22:00:00,0.11547
2024-01-02 23:00:00,0.10655
2024-01-03 00:00:00,0.04314
2024-01-03 01:00:00,0.03937
2024-01-03 02:00:00,0.04027
2024-01-03 03:00:00,0.03927
2024-01-03 04:00:00,0.03972
2024-01-03 05:00:00,0.0383
2024-01-03 06:00:00,0.04071
2024-01-03 07:00:00,0.08847
2024-01-03 08:00:00,0.12954
2024-01-03 09:00:00,0.13479
2024-01-03 10:00:00,0.18064
2024-01-03 11:00:00,0.17219
2024-01-03 12:00:00,0.16962
2024-01-03 13:00:00,0.16946
2024-01-03 14:00:00,0.12623
2024-01-03 15:00:00,0.13338
2024-01-03 16:00:00,0.13556
2024-01-03 17:00:00,0.16046
2024-01-03 18:00:00,0.21652
2024-01-03 19:00:00,0.22924
2024-01-03 20:00:00,0.24035
2024-01-03 21:00:00,0.24178
2024-01-03 22:00:00,0.16874
2024-01-03 23:00:00,0.15673
2024-01-04 00:00:00,0.13392
2024-01-04 01:00:00,0.13254
2024-01-04 02:00:00,0.1287
2024-01-04 03:00:00,0.11584
2024-01-04 04:00:00,0.11204
2024-01-04 05:00:00,0.11153
2024-01-04 06:00:00,0.13104
2024-01-04 07:00:00,0.13345
2024-01-04 08:00:00,0.15858
2024-01-04 09:00:00,0.1618
2024-01-04 10:00:00,0.20895
2024-01-04 11:00:00,0.20328
2024-01-04 12:00:00,0.20195
2024-01-04 13:00:00,0.19708
2024-01-04 14:00:00,0.15409
2024-01-04 15:00:00,0.16232
2024-01-04 16:00:00,0.16429
2024-01-04 17:00:00,0.16631
2024-01-04 18:00:00,0.21676
2024-01-04 19:00:00,0.21931
2024-01-04 20:00:00,0.22177
2024-01-04 21:00:00,0.21955
2024-01-04 22:00:00,0.16585
2024-01-04 23:00:00,0.15912
2024-01-05 00:00:00,0.1341
2024-01-05 01:00:00,0.13065
2024-01-05 02:00:00,0.12801
2024-01-05 03:00:00,0.11992
2024-01-05 04:00:00,0.1083
2024-01-05 05:00:00,0.11586
2024-01-05 06:00:00,0.12199
2024-01-05 07:00:00,0.12892
2024-01-05 08:00:00,0.15707
2024-01-05 09:00:00,0.15592
2024-01-05 10:00:00,0.19166
2024-01-05 11:00:00,0.16992
2024-01-05 12:00:00,0.15537
2024-01-05 13:00:00,0.15292
2024-01-05 14:00:00,0.09982
2024-01-05 15:00:00,0.09057
2024-01-05 16:00:00,0.10795
2024-01-05 17:00:00,0.13172
2024-01-05 18:00:00,0.19057
2024-01-05 19:00:00,0.1946
2024-01-05 20:00:00,0.19688
2024-01-05 21:00:00,0.19512
2024-01-05 22:00:00,0.14241
2024-01-05 23:00:00,0.13482
2024-01-06 00:00:00,0.10188
2024-01-06 01:00:00,0.09449
2024-01-06 02:00:00,0.09525
2024-01-06 03:00:00,0.09397
2024-01-06 04:00:00,0.07141
2024-01-06 05:00:00,0.07142
2024-01-06 06:00:00,0.07868
2024-01-06 07:00:00,0.09446
2024-01-06 08:00:00,0.0929
2024-01-06 09:00:00,0.0934
2024-01-06 10:00:00,0.06284
2024-01-06 11:00:00,0.03638
2024-01-06 12:00:00,0.03412
2024-01-06 13:00:00,0.03382
2024-01-06 14:00:00,0.03417
2024-01-06 15:00:00,0.03971
2024-01-06 16:00:00,0.06611
2024-01-06 17:00:00,0.11289
2024-01-06 18:00:00,0.1349
2024-01-06 19:00:00,0.14147
2024-01-06 20:00:00,0.13983
2024-01-06 21:00:00,0.13626
2024-01-06 22:00:00,0.13558
2024-01-06 23:00:00,0.12812
2024-01-07 00:00:00,0.13461
2024-01-07 01:00:00,0.13078
2024-01-07 02:00:00,0.1295
2024-01-07 03:00:00,0.12699
2024-01-07 04:00:00,0.12579
2024-01-07 05:00:00,0.12568
2024-01-07 06:00:00,0.12793
2024-01-07 07:00:00,0.12826
2024-01-07 08:00:00,0.1314
2024-01-07 09:00:00,0.13447
2024-01-07 10:00:00,0.10036
2024-01-07 11:00:00,0.09225
2024-01-07 12:00:00,0.08561
2024-01-07 13:00:00,0.0868
2024-01-07 14:00:00,0.08464
2024-01-07 15:00:00,0.08126
2024-01-07 16:00:00,0.10059
2024-01-07 17:00:00,0.13591
2024-01-07 18:00:00,0.14984
2024-01-07 19:00:00,0.14819
2024-01-07 20:00:00,0.14291
2024-01-07 21:00:00,0.13823
2024-01-07 22:00:00,0.13379
2024-01-07 23:00:00,0.12628
2024-01-08 00:00:00,0.13053
2024-01-08 01:00:00,0.12824
2024-01-08 02:00:00,0.12622
2024-01-08 03:00:00,0.12332
2024-01-08 04:00:00,0.12281
2024-01-08 05:00:00,0.12614
2024-01-08 06:00:00,0.13754
2024-01-08 07:00:00,0.15244
2024-01-08 08:00:00,0.18499
2024-01-08 09:00:00,0.17914
2024-01-08 10:00:00,0.22088
2024-01-08 11:00:00,0.21172
2024-01-08 12:00:00,0.20253
2024-01-08 13:00:00,0.20075
2024-01-08 14:00:00,0.15847
2024-01-08 15:00:00,0.16875
2024-01-08 16:00:00,0.17766
2024-01-08 17:00:00,0.18917
2024-01-08 18:00:00,0.24485
2024-01-08 19:00:00,0.24537
2024-01-08 20:00:00,0.24946
2024-01-08 21:00:00,0.24505
2024-01-08 22:00:00,0.17952
2024-01-08 23:00:00,0.17132
2024-01-09 00:00:00,0.13573
2024-01-09 01:00:00,0.13838
2024-01-09 02:00:00,0.13724
2024-01-09 03:00:00,0.13685
2024-01-09 04:00:00,0.13499
2024-01-09 05:00:00,0.13502
2024-01-09 06:00:00,0.14078
2024-01-09 07:00:00,0.14416
2024-01-09 08:00:00,0.18568
2024-01-09 09:00:00,0.18192
2024-01-09 10:00:00,0.21854
2024-01-09 11:00:00,0.2147
2024-01-09 12:00:00,0.21366
2024-01-09 13:00:00,0.21279
2024-01-09 14:00:00,0.16337
2024-01-09 15:00:00,0.17385
2024-01-09 16:00:00,0.18615
2024-01-09 17:00:00,0.20304
2024-01-09 18:00:00,0.25294
2024-01-09 19:00:00,0.25527
2024-01-09 20:00:00,0.26636
2024-01-09 21:00:00,0.2449
2024-01-09 22:00:00,0.17273
2024-01-09 23:00:00,0.1662
2024-01-10 00:00:00,0.1297
2024-01-10 01:00:00,0.12802
2024-01-10 02:00:00,0.12513
2024-01-10 03:00:00,0.12257
2024-01-10 04:00:00,0.12135
2024-01-10 05:00:00,0.12232
2024-01-10 06:00:00,0.13297
2024-01-10 07:00:00,0.14092
2024-01-10 08:00:00,0.1861
2024-01-10 09:00:00,0.18483
2024-01-10 10:00:00,0.21445
2024-01-10 11:00:00,0.21089
2024-01-10 12:00:00,0.20688
2024-01-10 13:00:00,0.20457
2024-01-10 14:00:00,0.14993
2024-01-10 15:00:00,0.1509
2024-01-10 16:00:00,0.15678
2024-01-10 17:00:00,0.16239
2024-01-10 18:00:00,0.22313
2024-01-10 19:00:00,0.23588
2024-01-10 20:00:00,0.23448
2024-01-10 21:00:00,0.21964
2024-01-10 22:00:00,0.16233
2024-01-10 23:00:00,0.15147
2024-01-11 00:00:00,0.12937
2024-01-11 01:00:00,0.12381
2024-01-11 02:00:00,0.11994
2024-01-11 03:00:00,0.11664
2024-01-11 04:00:00,0.11614
2024-01-11 05:00:00,0.11736
2024-01-11 06:00:00,0.1233
2024-01-11 07:00:00,0.14006
2024-01-11 08:00:00,0.17836
2024-01-11 09:00:00,0.17271
2024-01-11 10:00:00,0.20718
2024-01-11 11:00:00,0.19319
2024-01-11 12:00:00,0.19054
2024-01-11 13:00:00,0.18824
2024-01-11 14:00:00,0.13882
2024-01-11 15:00:00,0.14171
2024-01-11 16:00:00,0.1582
2024-01-11 17:00:00,0.1849
2024-01-11 18:00:00,0.24719
2024-01-11 19:00:00,0.25123
2024-01-11 20:00:00,0.23402
2024-01-11 21:00:00,0.22251
2024-01-11 22:00:00,0.16267
2024-01-11 23:00:00,0.15363
2024-01-12 00:00:00,0.12602
2024-01-12 01:00:00,0.12368
2024-01-12 02:00:00,0.12262
2024-01-12 03:00:00,0.11917
2024-01-12 04:00:00,0.11926
2024-01-12 05:00:00,0.12082
2024-01-12 06:00:00,0.12613
2024-01-12 07:00:00,0.14036
2024-01-12 08:00:00,0.17685
2024-01-12 09:00:00,0.16534
2024-01-12 10:00:00,0.20869
2024-01-12 11:00:00,0.20229
2024-01-12 12:00:00,0.19906
2024-01-12 13:00:00,0.19868
2024-01-12 14:00:00,0.14629
2024-01-12 15:00:00,0.14995
2024-01-12 16:00:00,0.16097
2024-01-12 17:00:00,0.16869
2024-01-12 18:00:00,0.24228
2024-01-12 19:00:00,0.23514
2024-01-12 20:00:00,0.22368
2024-01-12 21:00:00,0.21441
2024-01-12 22:00:00,0.16068
2024-01-12 23:00:00,0.15848
2024-01-13 00:00:00,0.13436
2024-01-13 01:00:00,0.13324
2024-01-13 02:00:00,0.12866
2024-01-13 03:00:00,0.12603
2024-01-13 04:00:00,0.12225
2024-01-13 05:00:00,0.12226
2024-01-13 06:00:00,0.12465
2024-01-13 07:00:00,0.12906
2024-01-13 08:00:00,0.13434
2024-01-13 09:00:00,0.13564
2024-01-13 10:00:00,0.12915
2024-01-13 11:00:00,0.11962
2024-01-13 12:00:00,0.10892
2024-01-13 13:00:00,0.10626
2024-01-13 14:00:00,0.10957
2024-01-13 15:00:00,0.1197
2024-01-13 16:00:00,0.13145
2024-01-13 17:00:00,0.14099
2024-01-13 18:00:00,0.15067
2024-01-13 19:00:00,0.14556
2024-01-13 20:00:00,0.14166
2024-01-13 21:00:00,0.13975
2024-01-13 22:00:00,0.13517
2024-01-13 23:00:00,0.13379
2024-01-14 00:00:00,0.13587
2024-01-14 01:00:00,0.1324
2024-01-14 02:00:00,0.13043
2024-01-14 03:00:00,0.1249
2024-01-14 04:00:00,0.12219
2024-01-14 05:00:00,0.11893
2024-01-14 06:00:00,0.11814
2024-01-14 07:00:00,0.12082
2024-01-14 08:00:00,0.12589
2024-01-14 09:00:00,0.12573
2024-01-14 10:00:00,0.11519
2024-01-14 11:00:00,0.10808
2024-01-14 12:00:00,0.10637
2024-01-14 13:00:00,0.10318
2024-01-14 14:00:00,0.10026
2024-01-14 15:00:00,0.10219
2024-01-14 16:00:00,0.10692
2024-01-14 17:00:00,0.11575
2024-01-14 18:00:00,0.12942
2024-01-14 19:00:00,0.13591
2024-01-14 20:00:00,0.12846
2024-01-14 21:00:00,0.12774
2024-01-14 22:00:00,0.12588
2024-01-14 23:00:00,0.11407
2024-01-15 00:00:00,0.12387
2024-01-15 01:00:00,0.1127
2024-01-15 02:00:00,0.11056
2024-01-15 03:00:00,0.10766
2024-01-15 04:00:00,0.10896
2024-01-15 05:00:00,0.11211
2024-01-15 06:00:00,0.11381
2024-01-15 07:00:00,0.12941
2024-01-15 08:00:00,0.16534
2024-01-15 09:00:00,0.16526
2024-01-15 10:00:00,0.20899
2024-01-15 11:00:00,0.2022
2024-01-15 12:00:00,0.19686
2024-01-15 13:00:00,0.19336
2024-01-15 14:00:00,0.14676
2024-01-15 15:00:00,0.15509
2024-01-15 16:00:00,0.15995
2024-01-15 17:00:00,0.1643
2024-01-15 18:00:00,0.22897
2024-01-15 19:00:00,0.23237
2024-01-15 20:00:00,0.22546
2024-01-15 21:00:00,0.21727
2024-01-15 22:00:00,0.1642
2024-01-15 23:00:00,0.15859
2024-01-16 00:00:00,0.12885
2024-01-16 01:00:00,0.1267
2024-01-16 02:00:00,0.1234
2024-01-16 03:00:00,0.12097
2024-01-16 04:00:00,0.12077
2024-01-16 05:00:00,0.12242
2024-01-16 06:00:00,0.1302
2024-01-16 07:00:00,0.14041
2024-01-16 08:00:00,0.195
2024-01-16 09:00:00,0.18616
2024-01-16 10:00:00,0.21148
2024-01-16 11:00:00,0.20203
2024-01-16 12:00:00,0.2033
2024-01-16 13:00:00,0.19934
2024-01-16 14:00:00,0.15007
2024-01-16 15:00:00,0.14934
2024-01-16 16:00:00,0.14646
2024-01-16 17:00:00,0.15081
2024-01-16 18:00:00,0.20138
2024-01-16 19:00:00,0.21457
2024-01-16 20:00:00,0.21568
2024-01-16 21:00:00,0.20239
2024-01-16 22:00:00,0.13751
2024-01-16 23:00:00,0.11744
2024-01-17 00:00:00,0.06231
2024-01-17 01:00:00,0.05931
2024-01-17 02:00:00,0.04853
2024-01-17 03:00:00,0.04767
2024-01-17 04:00:00,0.04764
2024-01-17 05:00:00,0.04722
2024-01-17 06:00:00,0.0603
2024-01-17 07:00:00,0.08802
2024-01-17 08:00:00,0.11273
2024-01-17 09:00:00,0.1123
2024-01-17 10:00:00,0.16157
2024-01-17 11:00:00,0.14992
2024-01-17 12:00:00,0.13073
2024-01-17 13:00:00,0.12547
2024-01-17 14:00:00,0.0665
2024-01-17 15:00:00,0.06828
2024-01-17 16:00:00,0.08305
2024-01-17 17:00:00,0.11044
2024-01-17 18:00:00,0.16241
2024-01-17 19:00:00,0.16894
2024-01-17 20:00:00,0.17529
2024-01-17 21:00:00,0.16678
2024-01-17 22:00:00,0.11075
2024-01-17 23:00:00,0.08361
2024-01-18 00:00:00,0.04013
2024-01-18 01:00:00,0.04142
2024-01-18 02:00:00,0.04047
2024-01-18 03:00:00,0.03783
2024-01-18 04:00:00,0.0387
2024-01-18 05:00:00,0.04081
2024-01-18 06:00:00,0.03991
2024-01-18 07:00:00,0.06941
2024-01-18 08:00:00,0.1157
2024-01-18 09:00:00,0.12529
2024-01-18 10:00:00,0.16149
2024-01-18 11:00:00,0.15908
2024-01-18 12:00:00,0.15326
2024-01-18 13:00:00,0.14819
2024-01-18 14:00:00,0.0987
2024-01-18 15:00:00,0.11236
2024-01-18 16:00:00,0.13375
2024-01-18 17:00:00,0.1693
2024-01-18 18:00:00,0.23038
2024-01-18 19:00:00,0.22655
2024-01-18 20:00:00,0.2337
2024-01-18 21:00:00,0.22646
2024-01-18 22:00:00,0.16746
2024-01-18 23:00:00,0.14803
2024-01-19 00:00:00,0.11701
2024-01-19 01:00:00,0.11402
2024-01-19 02:00:00,0.11494
2024-01-19 03:00:00,0.10593
2024-01-19 04:00:00,0.09927
2024-01-19 05:00:00,0.09258
2024-01-19 06:00:00,0.103
2024-01-19 07:00:00,0.11479
2024-01-19 08:00:00,0.14924
2024-01-19 09:00:00,0.15449
2024-01-19 10:00:00,0.19581
2024-01-19 11:00:00,0.19186
2024-01-19 12:00:00,0.19291
2024-01-19 13:00:00,0.18384
2024-01-19 14:00:00,0.12277
2024-01-19 15:00:00,0.12385
2024-01-19 16:00:00,0.12735
2024-01-19 17:00:00,0.13399
2024-01-19 18:00:00,0.19533
2024-01-19 19:00:00,0.20218
2024-01-19 20:00:00,0.20067
2024-01-19 21:00:00,0.19671
2024-01-19 22:00:00,0.14064
2024-01-19 23:00:00,0.12536
2024-01-20 00:00:00,0.11863
2024-01-20 01:00:00,0.10904
2024-01-20 02:00:00,0.11195
2024-01-20 03:00:00,0.11278
2024-01-20 04:00:00,0.11261
2024-01-20 05:00:00,0.11822
2024-01-20 06:00:00,0.12286
2024-01-20 07:00:00,0.12393
2024-01-20 08:00:00,0.12659
2024-01-20 09:00:00,0.13186
2024-01-20 10:00:00,0.1227
2024-01-20 11:00:00,0.11605
2024-01-20 12:00:00,0.11338
2024-01-20 13:00:00,0.10647
2024-01-20 14:00:00,0.11219
2024-01-20 15:00:00,0.11986
2024-01-20 16:00:00,0.13259
2024-01-20 17:00:00,0.13973
2024-01-20 18:00:00,0.14294
2024-01-20 19:00:00,0.14364
2024-01-20 20:00:00,0.14385
2024-01-20 21:00:00,0.14401
2024-01-20 22:00:00,0.13871
2024-01-20 23:00:00,0.12863
2024-01-21 00:00:00,0.1162
2024-01-21 01:00:00,0.10458
2024-01-21 02:00:00,0.10523
2024-01-21 03:00:00,0.10542
2024-01-21 04:00:00,0.10574
2024-01-21 05:00:00,0.1058
2024-01-21 06:00:00,0.10511
2024-01-21 07:00:00,0.10568
2024-01-21 08:00:00,0.10525
2024-01-21 09:00:00,0.10266
2024-01-21 10:00:00,0.09909
2024-01-21 11:00:00,0.09602
2024-01-21 12:00:00,0.0944
2024-01-21 13:00:00,0.08358
2024-01-21 14:00:00,0.08982
2024-01-21 15:00:00,0.09274
2024-01-21 16:00:00,0.09809
2024-01-21 17:00:00,0.1073
2024-01-21 18:00:00,0.12779
2024-01-21 19:00:00,0.14073
2024-01-21 20:00:00,0.1432
2024-01-21 21:00:00,0.14129
2024-01-21 22:00:00,0.12029
2024-01-21 23:00:00,0.09886
2024-01-22 00:00:00,0.09318
2024-01-22 01:00:00,0.08745
2024-01-22 02:00:00,0.08021
2024-01-22 03:00:00,0.06866
2024-01-22 04:00:00,0.07211
2024-01-22 05:00:00,0.08549
2024-01-22 06:00:00,0.0954
2024-01-22 07:00:00,0.11899
2024-01-22 08:00:00,0.16072
2024-01-22 09:00:00,0.15438
2024-01-22 10:00:00,0.18534
2024-01-22 11:00:00,0.17456
2024-01-22 12:00:00,0.16886
2024-01-22 13:00:00,0.16951
2024-01-22 14:00:00,0.12109
2024-01-22 15:00:00,0.1223
2024-01-22 16:00:00,0.12968
2024-01-22 17:00:00,0.14456
2024-01-22 18:00:00,0.21678
2024-01-22 19:00:00,0.22511
2024-01-22 20:00:00,0.24242
2024-01-22 21:00:00,0.22362
2024-01-22 22:00:00,0.16432
2024-01-22 23:00:00,0.14291
2024-01-23 00:00:00,0.10096
2024-01-23 01:00:00,0.10065
2024-01-23 02:00:00,0.10128
2024-01-23 03:00:00,0.10178
2024-01-23 04:00:00,0.10022
2024-01-23 05:00:00,0.10402
2024-01-23 06:00:00,0.10951
2024-01-23 07:00:00,0.13085
2024-01-23 08:00:00,0.1632
2024-01-23 09:00:00,0.15569
2024-01-23 10:00:00,0.19162
2024-01-23 11:00:00,0.17644
2024-01-23 12:00:00,0.17061
2024-01-23 13:00:00,0.16954
2024-01-23 14:00:00,0.12013
2024-01-23 15:00:00,0.12468
2024-01-23 16:00:00,0.12815
2024-01-23 17:00:00,0.146
2024-01-23 18:00:00,0.21258
2024-01-23 19:00:00,0.23482
2024-01-23 20:00:00,0.25207
2024-01-23 21:00:00,0.22469
2024-01-23 22:00:00,0.15797
2024-01-23 23:00:00,0.14854
2024-01-24 00:00:00,0.12648
2024-01-24 01:00:00,0.11973
2024-01-24 02:00:00,0.11669
2024-01-24 03:00:00,0.11489
2024-01-24 04:00:00,0.11416
2024-01-24 05:00:00,0.1121
2024-01-24 06:00:00,0.12015
2024-01-24 07:00:00,0.13125
2024-01-24 08:00:00,0.16577
2024-01-24 09:00:00,0.14946
2024-01-24 10:00:00,0.17757
2024-01-24 11:00:00,0.16916
2024-01-24 12:00:00,0.16668
2024-01-24 13:00:00,0.16422
2024-01-24 14:00:00,0.11365
2024-01-24 15:00:00,0.11877
2024-01-24 16:00:00,0.12186
2024-01-24 17:00:00,0.14911
2024-01-24 18:00:00,0.20698
2024-01-24 19:00:00,0.27524
2024-01-24 20:00:00,0.27764
2024-01-24 21:00:00,0.21769
2024-01-24 22:00:00,0.15011
2024-01-24 23:00:00,0.13519
2024-01-25 00:00:00,0.10356
2024-01-25 01:00:00,0.10112
2024-01-25 02:00:00,0.10424
2024-01-25 03:00:00,0.09982
2024-01-25 04:00:00,0.10181
2024-01-25 05:00:00,0.10606
2024-01-25 06:00:00,0.11385
2024-01-25 07:00:00,0.12214
2024-01-25 08:00:00,0.16056
2024-01-25 09:00:00,0.1531
2024-01-25 10:00:00,0.18486
2024-01-25 11:00:00,0.1752
2024-01-25 12:00:00,0.17426
2024-01-25 13:00:00,0.17398
2024-01-25 14:00:00,0.12383
2024-01-25 15:00:00,0.1225
2024-01-25 16:00:00,0.13024
2024-01-25 17:00:00,0.13695
2024-01-25 18:00:00,0.2104
2024-01-25 19:00:00,0.23344
2024-01-25 20:00:00,0.26122
2024-01-25 21:00:00,0.22154
2024-01-25 22:00:00,0.14458
2024-01-25 23:00:00,0.13644
2024-01-26 00:00:00,0.10735
2024-01-26 01:00:00,0.11145
2024-01-26 02:00:00,0.1131
2024-01-26 03:00:00,0.11437
2024-01-26 04:00:00,0.11253
2024-01-26 05:00:00,0.11319
2024-01-26 06:00:00,0.11707
2024-01-26 07:00:00,0.11981
2024-01-26 08:00:00,0.18502
2024-01-26 09:00:00,0.14059
2024-01-26 10:00:00,0.17649
2024-01-26 11:00:00,0.17432
2024-01-26 12:00:00,0.16686
2024-01-26 13:00:00,0.1593
2024-01-26 14:00:00,0.11247
2024-01-26 15:00:00,0.11645
2024-01-26 16:00:00,0.12451
2024-01-26 17:00:00,0.13766
2024-01-26 18:00:00,0.20574
2024-01-26 19:00:00,0.2151
2024-01-26 20:00:00,0.23264
2024-01-26 21:00:00,0.21073
2024-01-26 22:00:00,0.14075
2024-01-26 23:00:00,0.13598
2024-01-27 00:00:00,0.1122
2024-01-27 01:00:00,0.10923
2024-01-27 02:00:00,0.10873
2024-01-27 03:00:00,0.10554
2024-01-27 04:00:00,0.1038
2024-01-27 05:00:00,0.10558
2024-01-27 06:00:00,0.10707
2024-01-27 07:00:00,0.11041
2024-01-27 08:00:00,0.12264
2024-01-27 09:00:00,0.11607
2024-01-27 10:00:00,0.10162
2024-01-27 11:00:00,0.095
2024-01-27 12:00:00,0.08516
2024-01-27 13:00:00,0.08602
2024-01-27 14:00:00,0.08494
2024-01-27 15:00:00,0.0874
2024-01-27 16:00:00,0.09826
2024-01-27 17:00:00,0.12103
2024-01-27 18:00:00,0.14251
2024-01-27 19:00:00,0.13979
2024-01-27 20:00:00,0.13955
2024-01-27 21:00:00,0.13601
2024-01-27 22:00:00,0.11875
2024-01-27 23:00:00,0.11797
2024-01-28 00:00:00,0.1131
2024-01-28 01:00:00,0.11181
2024-01-28 02:00:00,0.1075
2024-01-28 03:00:00,0.1024
2024-01-28 04:00:00,0.09929
2024-01-28 05:00:00,0.09811
2024-01-28 06:00:00,0.10169
2024-01-28 07:00:00,0.10297
2024-01-28 08:00:00,0.10335
2024-01-28 09:00:00,0.10044
2024-01-28 10:00:00,0.08365
2024-01-28 11:00:00,0.07671
2024-01-28 12:00:00,0.08232
2024-01-28 13:00:00,0.07919
2024-01-28 14:00:00,0.08008
2024-01-28 15:00:00,0.07916
2024-01-28 16:00:00,0.08756
2024-01-28 17:00:00,0.10582
2024-01-28 18:00:00,0.1143
2024-01-28 19:00:00,0.11491
2024-01-28 20:00:00,0.11262
2024-01-28 21:00:00,0.10618
2024-01-28 22:00:00,0.10159
2024-01-28 23:00:00,0.09779
2024-01-29 00:00:00,0.09022
2024-01-29 01:00:00,0.08889
2024-01-29 02:00:00,0.09629
2024-01-29 03:00:00,0.09803
2024-01-29 04:00:00,0.10189
2024-01-29 05:00:00,0.11093
2024-01-29 06:00:00,0.12533
2024-01-29 07:00:00,0.12963
2024-01-29 08:00:00,0.16552
2024-01-29 09:00:00,0.15157
2024-01-29 10:00:00,0.19085
2024-01-29 11:00:00,0.18242
2024-01-29 12:00:00,0.18063
2024-01-29 13:00:00,0.18478
2024-01-29 14:00:00,0.13963
2024-01-29 15:00:00,0.14194
2024-01-29 16:00:00,0.14711
2024-01-29 17:00:00,0.15362
2024-01-29 18:00:00,0.22767
2024-01-29 19:00:00,0.2263
2024-01-29 20:00:00,0.22747
2024-01-29 21:00:00,0.20782
2024-01-29 22:00:00,0.15235
2024-01-29 23:00:00,0.14505
2024-01-30 00:00:00,0.11435
2024-01-30 01:00:00,0.11076
2024-01-30 02:00:00,0.11425
2024-01-30 03:00:00,0.11022
2024-01-30 04:00:00,0.10892
2024-01-30 05:00:00,0.11552
2024-01-30 06:00:00,0.12269
2024-01-30 07:00:00,0.13075
2024-01-30 08:00:00,0.16069
2024-01-30 09:00:00,0.15139
2024-01-30 10:00:00,0.1881
2024-01-30 11:00:00,0.18044
2024-01-30 12:00:00,0.17739
2024-01-30 13:00:00,0.17765
2024-01-30 14:00:00,0.13178
2024-01-30 15:00:00,0.13278
2024-01-30 16:00:00,0.14113
2024-01-30 17:00:00,0.15259
2024-01-30 18:00:00,0.21538
2024-01-30 19:00:00,0.22441
2024-01-30 20:00:00,0.24431
2024-01-30 21:00:00,0.20973
2024-01-30 22:00:00,0.15302
2024-01-30 23:00:00,0.14239
2024-01-31 00:00:00,0.11497
2024-01-31 01:00:00,0.1141
2024-01-31 02:00:00,0.11464
2024-01-31 03:00:00,0.11368
2024-01-31 04:00:00,0.11285
2024-01-31 05:00:00,0.1174
2024-01-31 06:00:00,0.1263
2024-01-31 07:00:00,0.13291
2024-01-31 08:00:00,0.18838
2024-01-31 09:00:00,0.15483
2024-01-31 10:00:00,0.19232
2024-01-31 11:00:00,0.17968
2024-01-31 12:00:00,0.17709
2024-01-31 13:00:00,0.1729
2024-01-31 14:00:00,0.12194
2024-01-31 15:00:00,0.12165
2024-01-31 16:00:00,0.12346
2024-01-31 17:00:00,0.13643
2024-01-31 18:00:00,0.20267
2024-01-31 19:00:00,0.23731
2024-01-31 20:00:00,0.29742
2024-01-31 21:00:00,0.20738
2024-01-31 22:00:00,0.14675
2024-01-31 23:00:00,0.13949
2024-02-01 00:00:00,0.11188
2024-02-01 01:00:00,0.10407
2024-02-01 02:00:00,0.09947
2024-02-01 03:00:00,0.09945
2024-02-01 04:00:00,0.09795
2024-02-01 05:00:00,0.10463
2024-02-01 06:00:00,0.11493
2024-02-01 07:00:00,0.13006
2024-02-01 08:00:00,0.16208
2024-02-01 09:00:00,0.15296
2024-02-01 10:00:00,0.17345
2024-02-01 11:00:00,0.16627
2024-02-01 12:00:00,0.16434
2024-02-01 13:00:00,0.16398
2024-02-01 14:00:00,0.11404
2024-02-01 15:00:00,0.11526
2024-02-01 16:00:00,0.12226
2024-02-01 17:00:00,0.13867
2024-02-01 18:00:00,0.21807
2024-02-01 19:00:00,0.2162
2024-02-01 20:00:00,0.21012
2024-02-01 21:00:00,0.19822
2024-02-01 22:00:00,0.14822
2024-02-01 23:00:00,0.13436
2024-02-02 00:00:00,0.10492
2024-02-02 01:00:00,0.10312
2024-02-02 02:00:00,0.10354
2024-02-02 03:00:00,0.10025
2024-02-02 04:00:00,0.0976
2024-02-02 05:00:00,0.09981
2024-02-02 06:00:00,0.1033
2024-02-02 07:00:00,0.12105
2024-02-02 08:00:00,0.15795
2024-02-02 09:00:00,0.14894
2024-02-02 10:00:00,0.17458
2024-02-02 11:00:00,0.16557
2024-02-02 12:00:00,0.16533
2024-02-02 13:00:00,0.16705
2024-02-02 14:00:00,0.11419
2024-02-02 15:00:00,0.11829
2024-02-02 16:00:00,0.11766
2024-02-02 17:00:00,0.13485
2024-02-02 18:00:00,0.19476
2024-02-02 19:00:00,0.20048
2024-02-02 20:00:00,0.2006
2024-02-02 21:00:00,0.19283
2024-02-02 22:00:00,0.1343
2024-02-02 23:00:00,0.11819
2024-02-03 00:00:00,0.0999
2024-02-03 01:00:00,0.0972
2024-02-03 02:00:00,0.09638
2024-02-03 03:00:00,0.0974
2024-02-03 04:00:00,0.09837
2024-02-03 05:00:00,0.09993
2024-02-03 06:00:00,0.10018
2024-02-03 07:00:00,0.10262
2024-02-03 08:00:00,0.10523
2024-02-03 09:00:00,0.10004
2024-02-03 10:00:00,0.09111
2024-02-03 11:00:00,0.08106
2024-02-03 12:00:00,0.07596
2024-02-03 13:00:00,0.07328
2024-02-03 14:00:00,0.07587
2024-02-03 15:00:00,0.0845
2024-02-03 16:00:00,0.09315
2024-02-03 17:00:00,0.10737
2024-02-03 18:00:00,0.12279
2024-02-03 19:00:00,0.13075
2024-02-03 20:00:00,0.14076
2024-02-03 21:00:00,0.13859
2024-02-03 22:00:00,0.1313
2024-02-03 23:00:00,0.11365
2024-02-04 00:00:00,0.11707
2024-02-04 01:00:00,0.11707
2024-02-04 02:00:00,0.11798
2024-02-04 03:00:00,0.11851
2024-02-04 04:00:00,0.11737
2024-02-04 05:00:00,0.11664
2024-02-04 06:00:00,0.11634
2024-02-04 07:00:00,0.11514
2024-02-04 08:00:00,0.11717
2024-02-04 09:00:00,0.1025
2024-02-04 10:00:00,0.08127
2024-02-04 11:00:00,0.07474
2024-02-04 12:00:00,0.0674
2024-02-04 13:00:00,0.06782
2024-02-04 14:00:00,0.0672
2024-02-04 15:00:00,0.06516
2024-02-04 16:00:00,0.07996
2024-02-04 17:00:00,0.09394
2024-02-04 18:00:00,0.11836
2024-02-04 19:00:00,0.13092
2024-02-04 20:00:00,0.1806
2024-02-04 21:00:00,0.16932
2024-02-04 22:00:00,0.12548
2024-02-04 23:00:00,0.11705
2024-02-05 00:00:00,0.11609
2024-02-05 01:00:00,0.11887
2024-02-05 02:00:00,0.11832
2024-02-05 03:00:00,0.1184
2024-02-05 04:00:00,0.11826
2024-02-05 05:00:00,0.11888
2024-02-05 06:00:00,0.11618
2024-02-05 07:00:00,0.12015
2024-02-05 08:00:00,0.15993
2024-02-05 09:00:00,0.14565
2024-02-05 10:00:00,0.18316
2024-02-05 11:00:00,0.17742
2024-02-05 12:00:00,0.16768
2024-02-05 13:00:00,0.15554
2024-02-05 14:00:00,0.10686
2024-02-05 15:00:00,0.11854
2024-02-05 16:00:00,0.12684
2024-02-05 17:00:00,0.1331
2024-02-05 18:00:00,0.19788
2024-02-05 19:00:00,0.24714
2024-02-05 20:00:00,0.31144
2024-02-05 21:00:00,0.22486
2024-02-05 22:00:00,0.13855
2024-02-05 23:00:00,0.13281
2024-02-06 00:00:00,0.11422
2024-02-06 01:00:00,0.11807
2024-02-06 02:00:00,0.11876
2024-02-06 03:00:00,0.11665
2024-02-06 04:00:00,0.11246
2024-02-06 05:00:00,0.11566
2024-02-06 06:00:00,0.1148
2024-02-06 07:00:00,0.11962
2024-02-06 08:00:00,0.19086
2024-02-06 09:00:00,0.15967
2024-02-06 10:00:00,0.19238
2024-02-06 11:00:00,0.18597
2024-02-06 12:00:00,0.18223
2024-02-06 13:00:00,0.16545
2024-02-06 14:00:00,0.1097
2024-02-06 15:00:00,0.11696
2024-02-06 16:00:00,0.12255
2024-02-06 17:00:00,0.13356
2024-02-06 18:00:00,0.1903
2024-02-06 19:00:00,0.20252
2024-02-06 20:00:00,0.20221
2024-02-06 21:00:00,0.18997
2024-02-06 22:00:00,0.13158
2024-02-06 23:00:00,0.11661
2024-02-07 00:00:00,0.08394
2024-02-07 01:00:00,0.08251
2024-02-07 02:00:00,0.08181
2024-02-07 03:00:00,0.07717
2024-02-07 04:00:00,0.06318
2024-02-07 05:00:00,0.08198
2024-02-07 06:00:00,0.09123
2024-02-07 07:00:00,0.1138
2024-02-07 08:00:00,0.144
2024-02-07 09:00:00,0.13657
2024-02-07 10:00:00,0.18282
2024-02-07 11:00:00,0.17573
2024-02-07 12:00:00,0.15883
2024-02-07 13:00:00,0.15328
2024-02-07 14:00:00,0.09695
2024-02-07 15:00:00,0.09041
2024-02-07 16:00:00,0.10173
2024-02-07 17:00:00,0.10524
2024-02-07 18:00:00,0.17381
2024-02-07 19:00:00,0.19291
2024-02-07 20:00:00,0.1974
2024-02-07 21:00:00,0.18665
2024-02-07 22:00:00,0.1258
2024-02-07 23:00:00,0.10987
2024-02-08 00:00:00,0.09294
2024-02-08 01:00:00,0.08528
2024-02-08 02:00:00,0.08057
2024-02-08 03:00:00,0.07897
2024-02-08 04:00:00,0.07813
2024-02-08 05:00:00,0.07851
2024-02-08 06:00:00,0.08772
2024-02-08 07:00:00,0.09316
2024-02-08 08:00:00,0.12627
2024-02-08 09:00:00,0.1067
2024-02-08 10:00:00,0.15013
2024-02-08 11:00:00,0.14775
2024-02-08 12:00:00,0.15104
2024-02-08 13:00:00,0.14383
2024-02-08 14:00:00,0.09884
2024-02-08 15:00:00,0.09909
2024-02-08 16:00:00,0.10641
2024-02-08 17:00:00,0.10819
2024-02-08 18:00:00,0.15952
2024-02-08 19:00:00,0.15455
2024-02-08 20:00:00,0.15502
2024-02-08 21:00:00,0.15244
2024-02-08 22:00:00,0.1055
2024-02-08 23:00:00,0.09229
2024-02-09 00:00:00,0.06153
2024-02-09 01:00:00,0.04902
2024-02-09 02:00:00,0.04328
2024-02-09 03:00:00,0.04079
2024-02-09 04:00:00,0.04131
2024-02-09 05:00:00,0.05121
2024-02-09 06:00:00,0.07168
2024-02-09 07:00:00,0.09124
2024-02-09 08:00:00,0.12635
2024-02-09 09:00:00,0.13367
2024-02-09 10:00:00,0.18489
2024-02-09 11:00:00,0.17505
2024-02-09 12:00:00,0.16657
2024-02-09 13:00:00,0.16212
2024-02-09 14:00:00,0.11374
2024-02-09 15:00:00,0.11294
2024-02-09 16:00:00,0.11108
2024-02-09 17:00:00,0.10722
2024-02-09 18:00:00,0.1593
2024-02-09 19:00:00,0.17763
2024-02-09 20:00:00,0.18538
2024-02-09 21:00:00,0.17231
2024-02-09 22:00:00,0.10936
2024-02-09 23:00:00,0.10004
2024-02-10 00:00:00,0.07511
2024-02-10 01:00:00,0.06134
2024-02-10 02:00:00,0.05227
2024-02-10 03:00:00,0.05037
2024-02-10 04:00:00,0.05025
2024-02-10 05:00:00,0.05024
2024-02-10 06:00:00,0.04963
2024-02-10 07:00:00,0.04867
2024-02-10 08:00:00,0.0493
2024-02-10 09:00:00,0.04621
2024-02-10 10:00:00,0.04049
2024-02-10 11:00:00,0.03888
2024-02-10 12:00:00,0.04028
2024-02-10 13:00:00,0.03956
2024-02-10 14:00:00,0.04017
2024-02-10 15:00:00,0.04098
2024-02-10 16:00:00,0.0409
2024-02-10 17:00:00,0.04156
2024-02-10 18:00:00,0.04178
2024-02-10 19:00:00,0.06695
2024-02-10 20:00:00,0.0806
2024-02-10 21:00:00,0.08407
2024-02-10 22:00:00,0.0778
2024-02-10 23:00:00,0.06748
2024-02-11 00:00:00,0.07898
2024-02-11 01:00:00,0.06524
2024-02-11 02:00:00,0.06484
2024-02-11 03:00:00,0.06386
2024-02-11 04:00:00,0.07019
2024-02-11 05:00:00,0.06976
2024-02-11 06:00:00,0.08446
2024-02-11 07:00:00,0.08623
2024-02-11 08:00:00,0.08736
2024-02-11 09:00:00,0.08461
2024-02-11 10:00:00,0.08294
2024-02-11 11:00:00,0.07821
2024-02-11 12:00:00,0.07779
2024-02-11 13:00:00,0.07732
2024-02-11 14:00:00,0.07791
2024-02-11 15:00:00,0.07915
2024-02-11 16:00:00,0.08763
2024-02-11 17:00:00,0.10433
2024-02-11 18:00:00,0.12743
2024-02-11 19:00:00,0.1279
2024-02-11 20:00:00,0.11931
2024-02-11 21:00:00,0.11239
2024-02-11 22:00:00,0.09872
2024-02-11 23:00:00,0.07961
2024-02-12 00:00:00,0.08307
2024-02-12 01:00:00,0.08116
2024-02-12 02:00:00,0.07835
2024-02-12 03:00:00,0.07842
2024-02-12 04:00:00,0.07826
2024-02-12 05:00:00,0.07908
2024-02-12 06:00:00,0.07777
2024-02-12 07:00:00,0.07677
2024-02-12 08:00:00,0.11439
2024-02-12 09:00:00,0.10954
2024-02-12 10:00:00,0.15276
2024-02-12 11:00:00,0.1476
2024-02-12 12:00:00,0.14673
2024-02-12 13:00:00,0.1487
2024-02-12 14:00:00,0.09884
2024-02-12 15:00:00,0.09908
2024-02-12 16:00:00,0.09307
2024-02-12 17:00:00,0.10251
2024-02-12 18:00:00,0.17328
2024-02-12 19:00:00,0.20746
2024-02-12 20:00:00,0.19618
2024-02-12 21:00:00,0.18759
2024-02-12 22:00:00,0.13173
2024-02-12 23:00:00,0.12721
2024-02-13 00:00:00,0.09436
2024-02-13 01:00:00,0.0806
2024-02-13 02:00:00,0.0803
2024-02-13 03:00:00,0.08046
2024-02-13 04:00:00,0.07997
2024-02-13 05:00:00,0.08238
2024-02-13 06:00:00,0.09129
2024-02-13 07:00:00,0.10431
2024-02-13 08:00:00,0.15662
2024-02-13 09:00:00,0.13127
2024-02-13 10:00:00,0.17878
2024-02-13 11:00:00,0.17754
2024-02-13 12:00:00,0.17468
2024-02-13 13:00:00,0.17343
2024-02-13 14:00:00,0.1239
2024-02-13 15:00:00,0.1252
2024-02-13 16:00:00,0.1327
2024-02-13 17:00:00,0.13435
2024-02-13 18:00:00,0.20575
2024-02-13 19:00:00,0.21147
2024-02-13 20:00:00,0.20085
2024-02-13 21:00:00,0.19081
2024-02-13 22:00:00,0.13591
2024-02-13 23:00:00,0.13252
2024-02-14 00:00:00,0.10519
2024-02-14 01:00:00,0.1046
2024-02-14 02:00:00,0.10178
2024-02-14 03:00:00,0.10181
2024-02-14 04:00:00,0.10116
2024-02-14 05:00:00,0.10555
2024-02-14 06:00:00,0.10922
2024-02-14 07:00:00,0.11873
2024-02-14 08:00:00,0.15046
2024-02-14 09:00:00,0.13646
2024-02-14 10:00:00,0.17428
2024-02-14 11:00:00,0.15892
2024-02-14 12:00:00,0.15791
2024-02-14 13:00:00,0.15245
2024-02-14 14:00:00,0.1011
2024-02-14 15:00:00,0.10258
2024-02-14 16:00:00,0.10635
2024-02-14 17:00:00,0.1239
2024-02-14 18:00:00,0.17807
2024-02-14 19:00:00,0.20303
2024-02-14 20:00:00,0.19177
2024-02-14 21:00:00,0.18295
2024-02-14 22:00:00,0.12511
2024-02-14 23:00:00,0.1256
2024-02-15 00:00:00,0.09439
2024-02-15 01:00:00,0.08321
2024-02-15 02:00:00,0.08075
2024-02-15 03:00:00,0.08089
2024-02-15 04:00:00,0.08097
2024-02-15 05:00:00,0.08073
2024-02-15 06:00:00,0.09181
2024-02-15 07:00:00,0.10489
2024-02-15 08:00:00,0.12913
2024-02-15 09:00:00,0.12546
2024-02-15 10:00:00,0.16957
2024-02-15 11:00:00,0.17148
2024-02-15 12:00:00,0.16758
2024-02-15 13:00:00,0.16178
2024-02-15 14:00:00,0.10918
2024-02-15 15:00:00,0.11168
2024-02-15 16:00:00,0.10976
2024-02-15 17:00:00,0.11418
2024-02-15 18:00:00,0.17458
2024-02-15 19:00:00,0.17984
2024-02-15 20:00:00,0.17795
2024-02-15 21:00:00,0.17454
2024-02-15 22:00:00,0.12528
2024-02-15 23:00:00,0.12198
2024-02-16 00:00:00,0.09502
2024-02-16 01:00:00,0.09593
2024-02-16 02:00:00,0.09584
2024-02-16 03:00:00,0.09155
2024-02-16 04:00:00,0.08625
2024-02-16 05:00:00,0.0896
2024-02-16 06:00:00,0.09551
2024-02-16 07:00:00,0.10048
2024-02-16 08:00:00,0.13158
2024-02-16 09:00:00,0.12317
2024-02-16 10:00:00,0.16172
2024-02-16 11:00:00,0.16055
2024-02-16 12:00:00,0.15471
2024-02-16 13:00:00,0.15656
2024-02-16 14:00:00,0.10409
2024-02-16 15:00:00,0.10493
2024-02-16 16:00:00,0.11043
2024-02-16 17:00:00,0.11555
2024-02-16 18:00:00,0.17723
2024-02-16 19:00:00,0.19413
2024-02-16 20:00:00,0.1887
2024-02-16 21:00:00,0.18482
2024-02-16 22:00:00,0.13113
2024-02-16 23:00:00,0.12724
2024-02-17 00:00:00,0.09151
2024-02-17 01:00:00,0.09402
2024-02-17 02:00:00,0.09571
2024-02-17 03:00:00,0.09494
2024-02-17 04:00:00,0.09517
2024-02-17 05:00:00,0.09438
2024-02-17 06:00:00,0.09343
2024-02-17 07:00:00,0.09265
2024-02-17 08:00:00,0.08963
2024-02-17 09:00:00,0.08415
2024-02-17 10:00:00,0.07765
2024-02-17 11:00:00,0.07165
2024-02-17 12:00:00,0.0693
2024-02-17 13:00:00,0.06982
2024-02-17 14:00:00,0.06897
2024-02-17 15:00:00,0.06762
2024-02-17 16:00:00,0.07298
2024-02-17 17:00:00,0.08434
2024-02-17 18:00:00,0.10751
2024-02-17 19:00:00,0.12783
2024-02-17 20:00:00,0.11863
2024-02-17 21:00:00,0.11465
2024-02-17 22:00:00,0.1134
2024-02-17 23:00:00,0.11604
